-- phpMyAdmin SQL Dump
-- version 5.2.1
-- https://www.phpmyadmin.net/
--
-- Host: 127.0.0.1
-- Waktu pembuatan: 24 Bulan Mei 2024 pada 06.41
-- Versi server: 10.4.21-MariaDB
-- Versi PHP: 8.2.12

SET SQL_MODE = "NO_AUTO_VALUE_ON_ZERO";
START TRANSACTION;
SET time_zone = "+00:00";


/*!40101 SET @OLD_CHARACTER_SET_CLIENT=@@CHARACTER_SET_CLIENT */;
/*!40101 SET @OLD_CHARACTER_SET_RESULTS=@@CHARACTER_SET_RESULTS */;
/*!40101 SET @OLD_COLLATION_CONNECTION=@@COLLATION_CONNECTION */;
/*!40101 SET NAMES utf8mb4 */;

--
-- Database: `lar_10`
--

-- --------------------------------------------------------

--
-- Struktur dari tabel `batas_optimal_p_h_s`
--

CREATE TABLE `batas_optimal_p_h_s` (
  `id` bigint(20) UNSIGNED NOT NULL,
  `pH_Minimal` double(8,2) NOT NULL,
  `pH_Maximal` double(8,2) NOT NULL,
  `Jenis_ikan_ID` bigint(20) UNSIGNED DEFAULT NULL,
  `created_at` timestamp NULL DEFAULT NULL,
  `updated_at` timestamp NULL DEFAULT NULL
) ENGINE=InnoDB DEFAULT CHARSET=utf8mb4 COLLATE=utf8mb4_unicode_ci;

--
-- Dumping data untuk tabel `batas_optimal_p_h_s`
--

INSERT INTO `batas_optimal_p_h_s` (`id`, `pH_Minimal`, `pH_Maximal`, `Jenis_ikan_ID`, `created_at`, `updated_at`) VALUES
(1, 5.00, 8.00, 1, NULL, '2024-05-22 18:35:55'),
(2, 1.00, 30.00, 2, NULL, '2024-05-20 18:07:25');

-- --------------------------------------------------------

--
-- Struktur dari tabel `batas_optimal_suhus`
--

CREATE TABLE `batas_optimal_suhus` (
  `id` bigint(20) UNSIGNED NOT NULL,
  `Suhu_Minimal` double(8,2) NOT NULL,
  `Suhu_Maximal` double(8,2) NOT NULL,
  `Jenis_ikan_ID` bigint(20) UNSIGNED DEFAULT NULL,
  `created_at` timestamp NULL DEFAULT NULL,
  `updated_at` timestamp NULL DEFAULT NULL
) ENGINE=InnoDB DEFAULT CHARSET=utf8mb4 COLLATE=utf8mb4_unicode_ci;

--
-- Dumping data untuk tabel `batas_optimal_suhus`
--

INSERT INTO `batas_optimal_suhus` (`id`, `Suhu_Minimal`, `Suhu_Maximal`, `Jenis_ikan_ID`, `created_at`, `updated_at`) VALUES
(1, 27.00, 31.00, 1, NULL, '2024-05-22 18:34:14'),
(2, 10.00, 50.00, 2, NULL, '2024-05-20 18:07:38');

-- --------------------------------------------------------

--
-- Struktur dari tabel `failed_jobs`
--

CREATE TABLE `failed_jobs` (
  `id` bigint(20) UNSIGNED NOT NULL,
  `uuid` varchar(255) COLLATE utf8mb4_unicode_ci NOT NULL,
  `connection` text COLLATE utf8mb4_unicode_ci NOT NULL,
  `queue` text COLLATE utf8mb4_unicode_ci NOT NULL,
  `payload` longtext COLLATE utf8mb4_unicode_ci NOT NULL,
  `exception` longtext COLLATE utf8mb4_unicode_ci NOT NULL,
  `failed_at` timestamp NOT NULL DEFAULT current_timestamp()
) ENGINE=InnoDB DEFAULT CHARSET=utf8mb4 COLLATE=utf8mb4_unicode_ci;

-- --------------------------------------------------------

--
-- Struktur dari tabel `jenis_ikans`
--

CREATE TABLE `jenis_ikans` (
  `id` bigint(20) UNSIGNED NOT NULL,
  `Jenis_Ikan` varchar(255) COLLATE utf8mb4_unicode_ci NOT NULL,
  `created_at` timestamp NULL DEFAULT NULL,
  `updated_at` timestamp NULL DEFAULT NULL
) ENGINE=InnoDB DEFAULT CHARSET=utf8mb4 COLLATE=utf8mb4_unicode_ci;

--
-- Dumping data untuk tabel `jenis_ikans`
--

INSERT INTO `jenis_ikans` (`id`, `Jenis_Ikan`, `created_at`, `updated_at`) VALUES
(1, 'Ikan Koi', NULL, NULL),
(2, 'Ikan Lele', NULL, NULL);

-- --------------------------------------------------------

--
-- Struktur dari tabel `migrations`
--

CREATE TABLE `migrations` (
  `id` int(10) UNSIGNED NOT NULL,
  `migration` varchar(255) COLLATE utf8mb4_unicode_ci NOT NULL,
  `batch` int(11) NOT NULL
) ENGINE=InnoDB DEFAULT CHARSET=utf8mb4 COLLATE=utf8mb4_unicode_ci;

--
-- Dumping data untuk tabel `migrations`
--

INSERT INTO `migrations` (`id`, `migration`, `batch`) VALUES
(1, '2014_10_12_000000_create_users_table', 1),
(2, '2014_10_12_100000_create_password_reset_tokens_table', 1),
(3, '2019_08_19_000000_create_failed_jobs_table', 1),
(4, '2019_12_14_000001_create_personal_access_tokens_table', 1),
(5, '2024_04_08_010505_add_backup_password_users_table', 1),
(6, '2024_04_18_075002_create_jenis_ikans_table', 2),
(7, '2024_04_18_075955_create_batas_optimal_p_h_s_table', 2),
(8, '2024_04_18_080441_create_pencatatan_p_h_s_table', 2),
(9, '2024_04_18_080838_create_batas_optimal_suhus_table', 2),
(10, '2024_04_18_081013_create_pencatatan_suhus_table', 2),
(11, '2024_04_28_122949_update__tanggal__monitoring_columns_from_users_table', 3),
(12, '2024_04_28_125519_create_history_suhu_views', 3);

-- --------------------------------------------------------

--
-- Struktur dari tabel `password_reset_tokens`
--

CREATE TABLE `password_reset_tokens` (
  `email` varchar(255) COLLATE utf8mb4_unicode_ci NOT NULL,
  `token` varchar(255) COLLATE utf8mb4_unicode_ci NOT NULL,
  `created_at` timestamp NULL DEFAULT NULL
) ENGINE=InnoDB DEFAULT CHARSET=utf8mb4 COLLATE=utf8mb4_unicode_ci;

-- --------------------------------------------------------

--
-- Struktur dari tabel `pencatatan_p_h_s`
--

CREATE TABLE `pencatatan_p_h_s` (
  `id` bigint(20) UNSIGNED NOT NULL,
  `pH_Kolam` double(8,2) NOT NULL,
  `Tanggal_Monitoring` datetime NOT NULL,
  `Batas_optimal_pH_ID` bigint(20) UNSIGNED DEFAULT NULL,
  `created_at` timestamp NULL DEFAULT NULL,
  `updated_at` timestamp NULL DEFAULT NULL
) ENGINE=InnoDB DEFAULT CHARSET=utf8mb4 COLLATE=utf8mb4_unicode_ci;

--
-- Dumping data untuk tabel `pencatatan_p_h_s`
--

INSERT INTO `pencatatan_p_h_s` (`id`, `pH_Kolam`, `Tanggal_Monitoring`, `Batas_optimal_pH_ID`, `created_at`, `updated_at`) VALUES
(1, 6.60, '2024-04-30 04:21:44', 1, NULL, NULL),
(2, 6.60, '2024-04-30 04:21:44', 1, NULL, NULL),
(3, 6.38, '2024-05-13 22:48:43', 1, '2024-05-13 15:48:43', '2024-05-13 15:48:43'),
(4, 6.97, '2024-05-13 22:48:50', 1, '2024-05-13 15:48:50', '2024-05-13 15:48:50'),
(5, 6.36, '2024-05-13 22:48:50', 1, '2024-05-13 15:48:50', '2024-05-13 15:48:50'),
(6, 6.33, '2024-05-13 22:49:03', 1, '2024-05-13 15:49:03', '2024-05-13 15:49:03'),
(7, 6.52, '2024-05-13 22:49:05', 1, '2024-05-13 15:49:05', '2024-05-13 15:49:05'),
(8, 6.77, '2024-05-13 22:49:08', 1, '2024-05-13 15:49:08', '2024-05-13 15:49:08'),
(9, 6.47, '2024-05-13 22:49:15', 1, '2024-05-13 15:49:15', '2024-05-13 15:49:15'),
(10, 6.91, '2024-05-13 22:49:18', 1, '2024-05-13 15:49:18', '2024-05-13 15:49:18'),
(11, 6.80, '2024-05-13 22:49:25', 1, '2024-05-13 15:49:25', '2024-05-13 15:49:25'),
(12, 6.76, '2024-05-13 22:50:09', 1, '2024-05-13 15:50:09', '2024-05-13 15:50:09'),
(13, 6.89, '2024-05-13 22:50:15', 1, '2024-05-13 15:50:15', '2024-05-13 15:50:15'),
(14, 6.83, '2024-05-13 22:50:18', 1, '2024-05-13 15:50:18', '2024-05-13 15:50:18'),
(15, 6.58, '2024-05-13 22:50:22', 1, '2024-05-13 15:50:22', '2024-05-13 15:50:22'),
(16, 6.99, '2024-05-13 22:51:38', 1, '2024-05-13 15:51:38', '2024-05-13 15:51:38'),
(17, 6.99, '2024-05-13 22:54:48', 2, '2024-05-13 15:54:48', '2024-05-13 15:54:48'),
(18, 6.79, '2024-05-16 04:01:32', 1, '2024-05-15 21:01:32', '2024-05-15 21:01:32'),
(19, 6.79, '2024-05-16 04:01:33', 2, '2024-05-15 21:01:33', '2024-05-15 21:01:33'),
(20, 6.09, '2024-05-16 04:01:38', 1, '2024-05-15 21:01:38', '2024-05-15 21:01:38'),
(21, 6.09, '2024-05-16 04:01:39', 2, '2024-05-15 21:01:39', '2024-05-15 21:01:39'),
(22, 7.05, '2024-05-16 04:01:44', 1, '2024-05-15 21:01:44', '2024-05-15 21:01:44'),
(23, 7.05, '2024-05-16 04:01:44', 2, '2024-05-15 21:01:44', '2024-05-15 21:01:44'),
(24, 6.40, '2024-05-16 04:01:50', 1, '2024-05-15 21:01:50', '2024-05-15 21:01:50'),
(25, 6.40, '2024-05-16 04:01:51', 2, '2024-05-15 21:01:51', '2024-05-15 21:01:51'),
(26, 7.10, '2024-05-16 04:01:56', 1, '2024-05-15 21:01:56', '2024-05-15 21:01:56'),
(27, 7.10, '2024-05-16 04:01:57', 2, '2024-05-15 21:01:57', '2024-05-15 21:01:57'),
(28, 6.38, '2024-05-16 04:02:02', 1, '2024-05-15 21:02:02', '2024-05-15 21:02:02'),
(29, 6.38, '2024-05-16 04:02:03', 2, '2024-05-15 21:02:03', '2024-05-15 21:02:03'),
(30, 6.40, '2024-05-16 04:02:08', 1, '2024-05-15 21:02:08', '2024-05-15 21:02:08'),
(31, 6.40, '2024-05-16 04:02:09', 2, '2024-05-15 21:02:09', '2024-05-15 21:02:09'),
(32, 6.57, '2024-05-16 04:02:14', 1, '2024-05-15 21:02:14', '2024-05-15 21:02:14'),
(33, 6.57, '2024-05-16 04:02:15', 2, '2024-05-15 21:02:15', '2024-05-15 21:02:15'),
(34, 6.51, '2024-05-16 04:02:26', 1, '2024-05-15 21:02:26', '2024-05-15 21:02:26'),
(35, 6.51, '2024-05-16 04:02:26', 2, '2024-05-15 21:02:26', '2024-05-15 21:02:26'),
(36, 5.68, '2024-05-16 04:02:36', 2, '2024-05-15 21:02:36', '2024-05-15 21:02:36'),
(37, 6.69, '2024-05-16 04:02:42', 1, '2024-05-15 21:02:42', '2024-05-15 21:02:42'),
(38, 6.69, '2024-05-16 04:02:42', 2, '2024-05-15 21:02:42', '2024-05-15 21:02:42'),
(39, 5.55, '2024-05-16 04:02:53', 2, '2024-05-15 21:02:53', '2024-05-15 21:02:53'),
(40, 6.38, '2024-05-16 04:02:58', 1, '2024-05-15 21:02:58', '2024-05-15 21:02:58'),
(41, 6.38, '2024-05-16 04:02:59', 2, '2024-05-15 21:02:59', '2024-05-15 21:02:59'),
(42, 6.52, '2024-05-16 04:03:05', 1, '2024-05-15 21:03:05', '2024-05-15 21:03:05'),
(43, 6.52, '2024-05-16 04:03:05', 2, '2024-05-15 21:03:05', '2024-05-15 21:03:05'),
(44, 5.92, '2024-05-16 04:03:16', 1, '2024-05-15 21:03:16', '2024-05-15 21:03:16'),
(45, 6.62, '2024-05-16 04:03:39', 2, '2024-05-15 21:03:39', '2024-05-15 21:03:39'),
(46, 6.95, '2024-05-16 04:03:59', 1, '2024-05-15 21:03:59', '2024-05-15 21:03:59'),
(47, 6.95, '2024-05-16 04:04:12', 2, '2024-05-15 21:04:12', '2024-05-15 21:04:12'),
(48, 6.09, '2024-05-16 04:04:12', 1, '2024-05-15 21:04:12', '2024-05-15 21:04:12'),
(49, 6.09, '2024-05-16 04:04:13', 2, '2024-05-15 21:04:13', '2024-05-15 21:04:13'),
(50, 5.68, '2024-05-16 04:04:18', 1, '2024-05-15 21:04:18', '2024-05-15 21:04:18'),
(51, 5.68, '2024-05-16 04:04:19', 2, '2024-05-15 21:04:19', '2024-05-15 21:04:19'),
(52, 7.23, '2024-05-16 04:04:24', 1, '2024-05-15 21:04:24', '2024-05-15 21:04:24'),
(53, 7.23, '2024-05-16 04:04:25', 2, '2024-05-15 21:04:25', '2024-05-15 21:04:25'),
(54, 6.33, '2024-05-16 04:04:46', 1, '2024-05-15 21:04:46', '2024-05-15 21:04:46'),
(55, 6.47, '2024-05-16 04:04:46', 1, '2024-05-15 21:04:46', '2024-05-15 21:04:46'),
(56, 6.47, '2024-05-16 04:04:46', 2, '2024-05-15 21:04:46', '2024-05-15 21:04:46'),
(57, 6.62, '2024-05-16 04:05:17', 2, '2024-05-15 21:05:17', '2024-05-15 21:05:17'),
(58, 5.69, '2024-05-16 04:05:21', 1, '2024-05-15 21:05:21', '2024-05-15 21:05:21'),
(59, 6.44, '2024-05-16 04:05:24', 1, '2024-05-15 21:05:24', '2024-05-15 21:05:24'),
(60, 6.44, '2024-05-16 04:05:25', 2, '2024-05-15 21:05:25', '2024-05-15 21:05:25'),
(61, 6.39, '2024-05-16 04:05:30', 1, '2024-05-15 21:05:30', '2024-05-15 21:05:30'),
(62, 6.39, '2024-05-16 04:05:31', 2, '2024-05-15 21:05:31', '2024-05-15 21:05:31'),
(63, 5.55, '2024-05-16 04:06:06', 1, '2024-05-15 21:06:06', '2024-05-15 21:06:06'),
(64, 5.55, '2024-05-16 04:06:07', 2, '2024-05-15 21:06:07', '2024-05-15 21:06:07'),
(65, 5.55, '2024-05-16 04:06:12', 1, '2024-05-15 21:06:12', '2024-05-15 21:06:12'),
(66, 5.55, '2024-05-16 04:06:18', 2, '2024-05-15 21:06:18', '2024-05-15 21:06:18'),
(67, 5.92, '2024-05-16 04:06:24', 2, '2024-05-15 21:06:24', '2024-05-15 21:06:24'),
(68, 5.58, '2024-05-16 04:06:25', 1, '2024-05-15 21:06:25', '2024-05-15 21:06:25'),
(69, 5.58, '2024-05-16 04:06:28', 2, '2024-05-15 21:06:28', '2024-05-15 21:06:28'),
(70, 6.35, '2024-05-16 04:06:34', 1, '2024-05-15 21:06:34', '2024-05-15 21:06:34'),
(71, 6.35, '2024-05-16 04:06:34', 2, '2024-05-15 21:06:34', '2024-05-15 21:06:34'),
(72, 6.14, '2024-05-16 04:06:40', 1, '2024-05-15 21:06:40', '2024-05-15 21:06:40'),
(73, 6.14, '2024-05-16 04:06:41', 2, '2024-05-15 21:06:41', '2024-05-15 21:06:41'),
(74, 6.55, '2024-05-16 04:06:51', 1, '2024-05-15 21:06:51', '2024-05-15 21:06:51'),
(75, 6.55, '2024-05-16 04:06:54', 2, '2024-05-15 21:06:54', '2024-05-15 21:06:54'),
(76, 6.81, '2024-05-16 04:06:59', 1, '2024-05-15 21:06:59', '2024-05-15 21:06:59'),
(77, 6.81, '2024-05-16 04:07:00', 2, '2024-05-15 21:07:00', '2024-05-15 21:07:00'),
(78, 6.37, '2024-05-16 04:07:05', 1, '2024-05-15 21:07:05', '2024-05-15 21:07:05'),
(79, 6.37, '2024-05-16 04:07:06', 2, '2024-05-15 21:07:06', '2024-05-15 21:07:06'),
(80, 6.37, '2024-05-16 04:07:11', 1, '2024-05-15 21:07:11', '2024-05-15 21:07:11'),
(81, 6.37, '2024-05-16 04:07:12', 2, '2024-05-15 21:07:12', '2024-05-15 21:07:12'),
(82, 5.62, '2024-05-16 04:07:17', 1, '2024-05-15 21:07:17', '2024-05-15 21:07:17'),
(83, 5.62, '2024-05-16 04:07:18', 2, '2024-05-15 21:07:18', '2024-05-15 21:07:18'),
(84, 6.59, '2024-05-16 04:07:24', 1, '2024-05-15 21:07:24', '2024-05-15 21:07:24'),
(85, 6.59, '2024-05-16 04:07:24', 2, '2024-05-15 21:07:24', '2024-05-15 21:07:24'),
(86, 6.88, '2024-05-16 04:07:30', 1, '2024-05-15 21:07:30', '2024-05-15 21:07:30'),
(87, 6.88, '2024-05-16 04:07:32', 2, '2024-05-15 21:07:32', '2024-05-15 21:07:32'),
(134, 7.00, '2024-05-16 19:59:11', 1, '2024-05-16 12:59:11', '2024-05-16 12:59:11'),
(135, 2.00, '2024-05-16 19:59:18', 2, '2024-05-16 12:59:18', '2024-05-16 12:59:18'),
(136, 7.00, '2024-05-16 20:42:00', 1, '2024-05-16 13:42:00', '2024-05-16 13:42:00'),
(137, 7.00, '2024-05-16 20:46:22', 1, '2024-05-16 13:46:22', '2024-05-16 13:46:22'),
(138, 7.00, '2024-05-16 20:46:22', 1, '2024-05-16 13:46:22', '2024-05-16 13:46:22'),
(139, 7.00, '2024-05-16 20:46:22', 1, '2024-05-16 13:46:22', '2024-05-16 13:46:22'),
(140, 7.00, '2024-05-16 20:46:22', 1, '2024-05-16 13:46:22', '2024-05-16 13:46:22'),
(141, 7.00, '2024-05-16 21:12:46', 1, '2024-05-16 14:12:46', '2024-05-16 14:12:46'),
(142, 7.00, '2024-05-16 21:16:34', 1, '2024-05-16 14:16:34', '2024-05-16 14:16:34'),
(143, 9.38, '2024-05-16 21:28:39', NULL, '2024-05-16 14:28:39', '2024-05-16 14:28:39'),
(144, 8.96, '2024-05-16 21:28:45', NULL, '2024-05-16 14:28:45', '2024-05-16 14:28:45'),
(145, 5.84, '2024-05-16 21:28:50', NULL, '2024-05-16 14:28:50', '2024-05-16 14:28:50'),
(146, 9.70, '2024-05-16 21:28:56', NULL, '2024-05-16 14:28:56', '2024-05-16 14:28:56'),
(147, 8.26, '2024-05-16 21:29:02', NULL, '2024-05-16 14:29:02', '2024-05-16 14:29:02'),
(148, 9.23, '2024-05-16 21:29:08', NULL, '2024-05-16 14:29:08', '2024-05-16 14:29:08'),
(149, 9.71, '2024-05-16 21:29:13', NULL, '2024-05-16 14:29:13', '2024-05-16 14:29:13'),
(150, 8.93, '2024-05-16 21:29:19', NULL, '2024-05-16 14:29:19', '2024-05-16 14:29:19'),
(151, 8.07, '2024-05-16 21:29:24', NULL, '2024-05-16 14:29:24', '2024-05-16 14:29:24'),
(152, 3.82, '2024-05-16 21:29:30', NULL, '2024-05-16 14:29:30', '2024-05-16 14:29:30'),
(153, 8.79, '2024-05-16 21:29:36', NULL, '2024-05-16 14:29:36', '2024-05-16 14:29:36'),
(154, 3.29, '2024-05-16 21:29:41', NULL, '2024-05-16 14:29:41', '2024-05-16 14:29:41'),
(155, 8.93, '2024-05-16 21:29:47', NULL, '2024-05-16 14:29:47', '2024-05-16 14:29:47'),
(156, 9.03, '2024-05-16 21:29:52', NULL, '2024-05-16 14:29:52', '2024-05-16 14:29:52'),
(157, 9.62, '2024-05-16 21:29:58', NULL, '2024-05-16 14:29:58', '2024-05-16 14:29:58'),
(158, 9.54, '2024-05-16 21:30:03', NULL, '2024-05-16 14:30:03', '2024-05-16 14:30:03'),
(159, 5.09, '2024-05-16 21:30:09', NULL, '2024-05-16 14:30:09', '2024-05-16 14:30:09'),
(160, 9.08, '2024-05-16 21:30:15', NULL, '2024-05-16 14:30:15', '2024-05-16 14:30:15'),
(161, 3.69, '2024-05-16 21:30:20', NULL, '2024-05-16 14:30:20', '2024-05-16 14:30:20'),
(162, 3.36, '2024-05-16 21:30:25', NULL, '2024-05-16 14:30:25', '2024-05-16 14:30:25'),
(163, 4.31, '2024-05-16 21:30:31', NULL, '2024-05-16 14:30:31', '2024-05-16 14:30:31'),
(164, 8.76, '2024-05-16 21:30:36', NULL, '2024-05-16 14:30:36', '2024-05-16 14:30:36'),
(165, 9.87, '2024-05-16 21:30:45', NULL, '2024-05-16 14:30:45', '2024-05-16 14:30:45'),
(166, 9.16, '2024-05-16 21:30:50', NULL, '2024-05-16 14:30:50', '2024-05-16 14:30:50'),
(167, 8.93, '2024-05-16 21:30:56', NULL, '2024-05-16 14:30:56', '2024-05-16 14:30:56'),
(168, 8.48, '2024-05-16 21:31:01', NULL, '2024-05-16 14:31:01', '2024-05-16 14:31:01'),
(169, 3.20, '2024-05-16 21:31:06', NULL, '2024-05-16 14:31:06', '2024-05-16 14:31:06'),
(170, 8.92, '2024-05-16 21:31:12', NULL, '2024-05-16 14:31:12', '2024-05-16 14:31:12'),
(171, 9.71, '2024-05-16 21:31:18', NULL, '2024-05-16 14:31:18', '2024-05-16 14:31:18'),
(172, 3.57, '2024-05-16 21:31:23', NULL, '2024-05-16 14:31:23', '2024-05-16 14:31:23'),
(173, 6.38, '2024-05-16 21:31:29', NULL, '2024-05-16 14:31:29', '2024-05-16 14:31:29'),
(174, 9.39, '2024-05-16 21:31:34', NULL, '2024-05-16 14:31:34', '2024-05-16 14:31:34'),
(175, 9.57, '2024-05-16 21:31:40', NULL, '2024-05-16 14:31:40', '2024-05-16 14:31:40'),
(176, 9.18, '2024-05-16 21:31:46', NULL, '2024-05-16 14:31:46', '2024-05-16 14:31:46'),
(177, 8.72, '2024-05-16 21:31:51', NULL, '2024-05-16 14:31:51', '2024-05-16 14:31:51'),
(178, 9.03, '2024-05-16 21:31:56', NULL, '2024-05-16 14:31:56', '2024-05-16 14:31:56'),
(179, 9.36, '2024-05-16 21:32:02', NULL, '2024-05-16 14:32:02', '2024-05-16 14:32:02'),
(180, 8.88, '2024-05-16 21:32:07', NULL, '2024-05-16 14:32:07', '2024-05-16 14:32:07'),
(181, 9.34, '2024-05-16 21:32:16', NULL, '2024-05-16 14:32:16', '2024-05-16 14:32:16'),
(182, 4.13, '2024-05-16 21:32:22', NULL, '2024-05-16 14:32:22', '2024-05-16 14:32:22'),
(183, 8.78, '2024-05-16 21:32:27', NULL, '2024-05-16 14:32:27', '2024-05-16 14:32:27'),
(184, 8.18, '2024-05-16 21:32:33', NULL, '2024-05-16 14:32:33', '2024-05-16 14:32:33'),
(185, 9.18, '2024-05-16 21:32:38', NULL, '2024-05-16 14:32:38', '2024-05-16 14:32:38'),
(186, 9.96, '2024-05-16 21:32:44', NULL, '2024-05-16 14:32:44', '2024-05-16 14:32:44'),
(187, 9.39, '2024-05-16 21:32:50', NULL, '2024-05-16 14:32:50', '2024-05-16 14:32:50'),
(188, 7.82, '2024-05-16 21:32:55', NULL, '2024-05-16 14:32:55', '2024-05-16 14:32:55'),
(189, 8.83, '2024-05-16 21:33:01', NULL, '2024-05-16 14:33:01', '2024-05-16 14:33:01'),
(190, 8.96, '2024-05-16 21:33:06', NULL, '2024-05-16 14:33:06', '2024-05-16 14:33:06'),
(191, 10.27, '2024-05-16 21:33:12', NULL, '2024-05-16 14:33:12', '2024-05-16 14:33:12'),
(192, 10.70, '2024-05-16 21:33:17', NULL, '2024-05-16 14:33:17', '2024-05-16 14:33:17'),
(193, 10.54, '2024-05-16 21:33:23', NULL, '2024-05-16 14:33:23', '2024-05-16 14:33:23'),
(194, 9.35, '2024-05-16 21:33:28', NULL, '2024-05-16 14:33:28', '2024-05-16 14:33:28'),
(195, 9.57, '2024-05-16 21:33:34', NULL, '2024-05-16 14:33:34', '2024-05-16 14:33:34'),
(196, 2.12, '2024-05-16 21:33:39', NULL, '2024-05-16 14:33:39', '2024-05-16 14:33:39'),
(197, 10.23, '2024-05-16 21:33:45', NULL, '2024-05-16 14:33:45', '2024-05-16 14:33:45'),
(198, 10.24, '2024-05-16 21:51:30', NULL, '2024-05-16 14:51:30', '2024-05-16 14:51:30'),
(199, 6.63, '2024-05-16 21:51:37', NULL, '2024-05-16 14:51:37', '2024-05-16 14:51:37'),
(200, 9.66, '2024-05-16 21:51:42', NULL, '2024-05-16 14:51:42', '2024-05-16 14:51:42'),
(201, 9.60, '2024-05-16 21:51:48', NULL, '2024-05-16 14:51:48', '2024-05-16 14:51:48'),
(202, 9.40, '2024-05-16 21:51:53', NULL, '2024-05-16 14:51:53', '2024-05-16 14:51:53'),
(203, 7.74, '2024-05-16 21:51:59', NULL, '2024-05-16 14:51:59', '2024-05-16 14:51:59'),
(204, 4.94, '2024-05-16 21:52:04', NULL, '2024-05-16 14:52:04', '2024-05-16 14:52:04'),
(205, 7.00, '2024-05-16 21:54:48', 1, '2024-05-16 14:54:48', '2024-05-16 14:54:48'),
(206, 7.00, '2024-05-16 21:55:19', 1, '2024-05-16 14:55:19', '2024-05-16 14:55:19'),
(207, 7.00, '2024-05-16 21:57:22', 1, '2024-05-16 14:57:22', '2024-05-16 14:57:22'),
(208, 7.00, '2024-05-16 21:57:22', 1, '2024-05-16 14:57:22', '2024-05-16 14:57:22'),
(209, 7.00, '2024-05-16 21:57:22', 1, '2024-05-16 14:57:22', '2024-05-16 14:57:22'),
(210, 7.00, '2024-05-16 21:57:39', 1, '2024-05-16 14:57:39', '2024-05-16 14:57:39'),
(211, 7.00, '2024-05-16 21:58:04', 1, '2024-05-16 14:58:04', '2024-05-16 14:58:04'),
(212, 7.00, '2024-05-16 21:58:04', 1, '2024-05-16 14:58:04', '2024-05-16 14:58:04'),
(213, 7.00, '2024-05-16 21:58:05', 1, '2024-05-16 14:58:05', '2024-05-16 14:58:05'),
(214, 7.00, '2024-05-16 21:58:05', 1, '2024-05-16 14:58:05', '2024-05-16 14:58:05'),
(215, 7.00, '2024-05-16 21:58:05', 1, '2024-05-16 14:58:05', '2024-05-16 14:58:05'),
(216, 7.00, '2024-05-16 21:58:05', 1, '2024-05-16 14:58:05', '2024-05-16 14:58:05'),
(217, 7.00, '2024-05-16 21:58:05', 1, '2024-05-16 14:58:05', '2024-05-16 14:58:05'),
(218, 2.00, '2024-05-16 21:58:28', 2, '2024-05-16 14:58:28', '2024-05-16 14:58:28'),
(219, 2.00, '2024-05-16 21:58:28', 2, '2024-05-16 14:58:28', '2024-05-16 14:58:28'),
(220, 2.00, '2024-05-16 21:58:28', 2, '2024-05-16 14:58:28', '2024-05-16 14:58:28'),
(221, 2.00, '2024-05-16 21:58:28', 2, '2024-05-16 14:58:28', '2024-05-16 14:58:28'),
(222, 2.00, '2024-05-16 21:58:29', 2, '2024-05-16 14:58:29', '2024-05-16 14:58:29'),
(223, 7.00, '2024-05-19 21:00:07', 1, '2024-05-19 14:00:07', '2024-05-19 14:00:07'),
(224, 2.00, '2024-05-19 21:00:19', 2, '2024-05-19 14:00:19', '2024-05-19 14:00:19'),
(225, 2.00, '2024-05-19 21:00:35', 2, '2024-05-19 14:00:35', '2024-05-19 14:00:35'),
(226, 7.00, '2024-05-19 21:10:13', 1, '2024-05-19 14:10:13', '2024-05-19 14:10:13'),
(227, 2.00, '2024-05-19 21:10:22', 2, '2024-05-19 14:10:22', '2024-05-19 14:10:22'),
(228, 6.50, '2024-05-19 23:17:22', 1, '2024-05-19 16:17:22', '2024-05-19 16:17:22'),
(229, 7.00, '2024-05-20 21:00:02', 1, '2024-05-20 14:00:02', '2024-05-20 14:00:02'),
(230, 7.00, '2024-05-20 21:00:10', 1, '2024-05-20 14:00:10', '2024-05-20 14:00:10'),
(231, 2.00, '2024-05-20 21:00:23', 2, '2024-05-20 14:00:23', '2024-05-20 14:00:23'),
(232, 2.00, '2024-05-20 21:00:30', 2, '2024-05-20 14:00:30', '2024-05-20 14:00:30'),
(233, 2.00, '2024-05-20 21:00:33', 2, '2024-05-20 14:00:33', '2024-05-20 14:00:33'),
(234, 2.00, '2024-05-20 21:00:36', 2, '2024-05-20 14:00:36', '2024-05-20 14:00:36'),
(235, 2.00, '2024-05-20 21:00:37', 2, '2024-05-20 14:00:37', '2024-05-20 14:00:37'),
(236, 2.00, '2024-05-20 21:00:43', 2, '2024-05-20 14:00:43', '2024-05-20 14:00:43'),
(237, 3.00, '2024-05-20 21:01:52', 2, '2024-05-20 14:01:52', '2024-05-20 14:01:52'),
(238, 3.00, '2024-05-20 21:02:19', 2, '2024-05-20 14:02:19', '2024-05-20 14:02:19'),
(239, 3.00, '2024-05-20 21:02:34', 2, '2024-05-20 14:02:34', '2024-05-20 14:02:34'),
(240, 3.00, '2024-05-20 21:02:34', 2, '2024-05-20 14:02:34', '2024-05-20 14:02:34'),
(241, 3.00, '2024-05-20 21:02:35', 2, '2024-05-20 14:02:35', '2024-05-20 14:02:35'),
(242, 3.00, '2024-05-20 21:15:38', 2, '2024-05-20 14:15:38', '2024-05-20 14:15:38'),
(243, 3.00, '2024-05-20 21:15:48', 2, '2024-05-20 14:15:48', '2024-05-20 14:15:48'),
(244, 3.00, '2024-05-20 21:15:48', 2, '2024-05-20 14:15:48', '2024-05-20 14:15:48'),
(245, 3.00, '2024-05-20 21:15:48', 2, '2024-05-20 14:15:48', '2024-05-20 14:15:48'),
(246, 3.00, '2024-05-20 21:16:22', 2, '2024-05-20 14:16:22', '2024-05-20 14:16:22'),
(247, 3.00, '2024-05-20 21:16:22', 2, '2024-05-20 14:16:22', '2024-05-20 14:16:22'),
(248, 3.00, '2024-05-20 21:16:22', 2, '2024-05-20 14:16:22', '2024-05-20 14:16:22'),
(249, 3.00, '2024-05-20 21:16:23', 2, '2024-05-20 14:16:23', '2024-05-20 14:16:23'),
(250, 3.00, '2024-05-20 21:16:23', 2, '2024-05-20 14:16:23', '2024-05-20 14:16:23'),
(251, 3.00, '2024-05-20 21:16:23', 2, '2024-05-20 14:16:23', '2024-05-20 14:16:23'),
(252, 3.00, '2024-05-20 21:18:44', 2, '2024-05-20 14:18:44', '2024-05-20 14:18:44'),
(253, 3.00, '2024-05-20 21:22:24', 2, '2024-05-20 14:22:24', '2024-05-20 14:22:24'),
(254, 3.00, '2024-05-20 21:22:24', 2, '2024-05-20 14:22:24', '2024-05-20 14:22:24'),
(255, 3.00, '2024-05-20 21:22:25', 2, '2024-05-20 14:22:25', '2024-05-20 14:22:25'),
(256, 3.00, '2024-05-20 21:25:38', 2, '2024-05-20 14:25:38', '2024-05-20 14:25:38'),
(257, 3.00, '2024-05-20 21:25:38', 2, '2024-05-20 14:25:38', '2024-05-20 14:25:38'),
(258, 3.00, '2024-05-20 21:25:39', 2, '2024-05-20 14:25:39', '2024-05-20 14:25:39'),
(259, 3.00, '2024-05-20 21:25:39', 2, '2024-05-20 14:25:39', '2024-05-20 14:25:39'),
(260, 3.00, '2024-05-20 21:29:02', 2, '2024-05-20 14:29:02', '2024-05-20 14:29:02'),
(261, 3.00, '2024-05-20 21:29:30', 2, '2024-05-20 14:29:30', '2024-05-20 14:29:30'),
(262, 7.00, '2024-05-20 21:29:36', 1, '2024-05-20 14:29:36', '2024-05-20 14:29:36'),
(263, 7.00, '2024-05-20 21:29:37', 1, '2024-05-20 14:29:37', '2024-05-20 14:29:37'),
(264, 1.00, '2024-05-20 21:33:37', 1, '2024-05-20 14:33:37', '2024-05-20 14:33:37'),
(265, 7.00, '2024-05-20 21:35:00', 1, '2024-05-20 14:35:00', '2024-05-20 14:35:00'),
(266, 7.00, '2024-05-20 21:35:08', 1, '2024-05-20 14:35:08', '2024-05-20 14:35:08'),
(267, 7.00, '2024-05-20 21:37:40', 1, '2024-05-20 14:37:40', '2024-05-20 14:37:40'),
(268, 7.00, '2024-05-20 21:37:52', 1, '2024-05-20 14:37:52', '2024-05-20 14:37:52'),
(269, 7.00, '2024-05-20 21:37:52', 1, '2024-05-20 14:37:52', '2024-05-20 14:37:52'),
(270, 7.00, '2024-05-20 21:37:53', 1, '2024-05-20 14:37:53', '2024-05-20 14:37:53'),
(271, 7.00, '2024-05-20 21:37:53', 1, '2024-05-20 14:37:53', '2024-05-20 14:37:53'),
(272, 7.00, '2024-05-20 21:38:18', 1, '2024-05-20 14:38:18', '2024-05-20 14:38:18'),
(273, 1.00, '2024-05-20 21:40:00', 1, '2024-05-20 14:40:00', '2024-05-20 14:40:00'),
(274, 7.00, '2024-05-20 22:14:16', 1, '2024-05-20 15:14:16', '2024-05-20 15:14:16'),
(275, 7.00, '2024-05-20 22:19:48', 1, '2024-05-20 15:19:48', '2024-05-20 15:19:48'),
(276, 1.00, '2024-05-20 22:28:57', 1, '2024-05-20 15:28:57', '2024-05-20 15:28:57'),
(277, 8.96, '2024-05-20 22:38:08', 1, '2024-05-20 15:38:08', '2024-05-20 15:38:08'),
(278, 7.84, '2024-05-20 22:38:17', 1, '2024-05-20 15:38:17', '2024-05-20 15:38:17'),
(279, 8.05, '2024-05-20 22:38:39', 1, '2024-05-20 15:38:39', '2024-05-20 15:38:39'),
(280, 7.07, '2024-05-20 22:39:04', 1, '2024-05-20 15:39:04', '2024-05-20 15:39:04'),
(281, 7.44, '2024-05-20 22:39:25', 1, '2024-05-20 15:39:25', '2024-05-20 15:39:25'),
(282, 7.66, '2024-05-20 22:39:32', 1, '2024-05-20 15:39:32', '2024-05-20 15:39:32'),
(283, 7.71, '2024-05-20 22:39:38', 1, '2024-05-20 15:39:38', '2024-05-20 15:39:38'),
(284, 9.31, '2024-05-20 22:39:45', 1, '2024-05-20 15:39:45', '2024-05-20 15:39:45'),
(285, 7.83, '2024-05-20 22:39:56', 1, '2024-05-20 15:39:56', '2024-05-20 15:39:56'),
(286, 7.54, '2024-05-20 22:40:03', 1, '2024-05-20 15:40:03', '2024-05-20 15:40:03'),
(287, 4.61, '2024-05-20 22:40:09', 1, '2024-05-20 15:40:09', '2024-05-20 15:40:09'),
(288, 8.08, '2024-05-20 22:40:15', 1, '2024-05-20 15:40:15', '2024-05-20 15:40:15'),
(289, 2.91, '2024-05-20 22:40:22', 1, '2024-05-20 15:40:22', '2024-05-20 15:40:22'),
(290, 6.80, '2024-05-20 22:40:34', 1, '2024-05-20 15:40:34', '2024-05-20 15:40:34'),
(291, 7.76, '2024-05-20 22:40:40', 1, '2024-05-20 15:40:40', '2024-05-20 15:40:40'),
(292, 8.66, '2024-05-20 22:40:46', 1, '2024-05-20 15:40:46', '2024-05-20 15:40:46'),
(293, 9.36, '2024-05-20 22:41:10', 1, '2024-05-20 15:41:10', '2024-05-20 15:41:10'),
(294, 9.27, '2024-05-20 22:41:15', 1, '2024-05-20 15:41:15', '2024-05-20 15:41:15'),
(295, 7.00, '2024-05-20 22:41:21', 1, '2024-05-20 15:41:21', '2024-05-20 15:41:21'),
(296, 7.64, '2024-05-20 22:41:28', 1, '2024-05-20 15:41:28', '2024-05-20 15:41:28'),
(297, 4.24, '2024-05-20 22:41:35', 1, '2024-05-20 15:41:35', '2024-05-20 15:41:35'),
(298, 4.64, '2024-05-20 22:41:44', 1, '2024-05-20 15:41:44', '2024-05-20 15:41:44'),
(299, 8.11, '2024-05-20 22:41:50', 1, '2024-05-20 15:41:50', '2024-05-20 15:41:50'),
(300, 9.34, '2024-05-20 22:42:00', 1, '2024-05-20 15:42:00', '2024-05-20 15:42:00'),
(301, 7.95, '2024-05-20 22:42:08', 1, '2024-05-20 15:42:08', '2024-05-20 15:42:08'),
(302, 9.47, '2024-05-20 22:42:28', 1, '2024-05-20 15:42:28', '2024-05-20 15:42:28'),
(303, 7.51, '2024-05-20 22:42:39', 1, '2024-05-20 15:42:39', '2024-05-20 15:42:39'),
(304, 9.24, '2024-05-20 22:42:49', 1, '2024-05-20 15:42:49', '2024-05-20 15:42:49'),
(305, 8.84, '2024-05-20 22:42:59', 1, '2024-05-20 15:42:59', '2024-05-20 15:42:59'),
(306, 3.31, '2024-05-20 22:43:21', 1, '2024-05-20 15:43:21', '2024-05-20 15:43:21'),
(307, 3.20, '2024-05-20 22:43:37', 1, '2024-05-20 15:43:37', '2024-05-20 15:43:37'),
(308, 2.80, '2024-05-20 22:43:43', 1, '2024-05-20 15:43:43', '2024-05-20 15:43:43'),
(309, 4.11, '2024-05-20 22:43:49', 1, '2024-05-20 15:43:49', '2024-05-20 15:43:49'),
(310, 8.09, '2024-05-20 22:43:56', 1, '2024-05-20 15:43:56', '2024-05-20 15:43:56'),
(311, 9.12, '2024-05-20 22:56:56', NULL, '2024-05-20 15:56:56', '2024-05-20 15:56:56'),
(312, 7.94, '2024-05-20 22:57:11', NULL, '2024-05-20 15:57:11', '2024-05-20 15:57:11'),
(313, 4.73, '2024-05-20 22:57:14', NULL, '2024-05-20 15:57:14', '2024-05-20 15:57:14'),
(314, 3.85, '2024-05-20 22:57:23', NULL, '2024-05-20 15:57:23', '2024-05-20 15:57:23'),
(315, 7.04, '2024-05-20 22:57:57', NULL, '2024-05-20 15:57:57', '2024-05-20 15:57:57'),
(316, 7.85, '2024-05-20 22:58:20', NULL, '2024-05-20 15:58:20', '2024-05-20 15:58:20'),
(317, 1.00, '2024-05-21 00:13:32', NULL, '2024-05-20 17:13:32', '2024-05-20 17:13:32'),
(318, 1.00, '2024-05-21 00:13:52', NULL, '2024-05-20 17:13:52', '2024-05-20 17:13:52'),
(319, 1.00, '2024-05-21 00:14:12', NULL, '2024-05-20 17:14:12', '2024-05-20 17:14:12'),
(320, 1.00, '2024-05-21 00:14:32', NULL, '2024-05-20 17:14:32', '2024-05-20 17:14:32'),
(321, 9.10, '2024-05-21 00:15:35', NULL, '2024-05-20 17:15:35', '2024-05-20 17:15:35'),
(322, 7.43, '2024-05-21 00:15:49', NULL, '2024-05-20 17:15:49', '2024-05-20 17:15:49'),
(323, 7.28, '2024-05-21 00:16:03', NULL, '2024-05-20 17:16:03', '2024-05-20 17:16:03'),
(324, 7.43, '2024-05-21 00:16:16', NULL, '2024-05-20 17:16:16', '2024-05-20 17:16:16'),
(325, 7.14, '2024-05-21 00:16:29', NULL, '2024-05-20 17:16:29', '2024-05-20 17:16:29'),
(326, 7.36, '2024-05-21 00:16:42', NULL, '2024-05-20 17:16:42', '2024-05-20 17:16:42'),
(327, 8.38, '2024-05-21 00:16:55', NULL, '2024-05-20 17:16:55', '2024-05-20 17:16:55'),
(328, 7.29, '2024-05-21 00:17:09', NULL, '2024-05-20 17:17:09', '2024-05-20 17:17:09'),
(329, 1.00, '2024-05-21 00:23:07', NULL, '2024-05-20 17:23:07', '2024-05-20 17:23:07'),
(330, 1.00, '2024-05-21 00:23:22', NULL, '2024-05-20 17:23:22', '2024-05-20 17:23:22'),
(331, 8.29, '2024-05-21 00:30:27', NULL, '2024-05-20 17:30:27', '2024-05-20 17:30:27'),
(332, 7.61, '2024-05-21 00:31:28', NULL, '2024-05-20 17:31:28', '2024-05-20 17:31:28'),
(333, 7.45, '2024-05-21 00:31:46', NULL, '2024-05-20 17:31:46', '2024-05-20 17:31:46'),
(334, 3.97, '2024-05-21 00:32:00', NULL, '2024-05-20 17:32:00', '2024-05-20 17:32:00'),
(335, 7.34, '2024-05-21 00:32:14', NULL, '2024-05-20 17:32:14', '2024-05-20 17:32:14'),
(336, 3.34, '2024-05-21 00:32:32', NULL, '2024-05-20 17:32:32', '2024-05-20 17:32:32'),
(337, 8.53, '2024-05-21 00:32:46', NULL, '2024-05-20 17:32:46', '2024-05-20 17:32:46'),
(338, 8.07, '2024-05-21 00:33:00', NULL, '2024-05-20 17:33:00', '2024-05-20 17:33:00'),
(339, 7.75, '2024-05-21 00:33:16', NULL, '2024-05-20 17:33:16', '2024-05-20 17:33:16'),
(340, 8.15, '2024-05-21 00:33:30', NULL, '2024-05-20 17:33:30', '2024-05-20 17:33:30'),
(341, 4.88, '2024-05-21 00:33:43', NULL, '2024-05-20 17:33:43', '2024-05-20 17:33:43'),
(342, 7.39, '2024-05-21 00:33:57', NULL, '2024-05-20 17:33:57', '2024-05-20 17:33:57'),
(343, 6.55, '2024-05-21 00:34:11', NULL, '2024-05-20 17:34:11', '2024-05-20 17:34:11'),
(344, 5.01, '2024-05-21 00:34:27', NULL, '2024-05-20 17:34:27', '2024-05-20 17:34:27'),
(345, 7.30, '2024-05-21 00:34:38', NULL, '2024-05-20 17:34:38', '2024-05-20 17:34:38'),
(346, 7.39, '2024-05-21 00:34:52', NULL, '2024-05-20 17:34:52', '2024-05-20 17:34:52'),
(347, 1.00, '2024-05-21 00:36:58', NULL, '2024-05-20 17:36:58', '2024-05-20 17:36:58'),
(348, 1.00, '2024-05-21 00:37:13', NULL, '2024-05-20 17:37:13', '2024-05-20 17:37:13'),
(349, 1.00, '2024-05-21 00:45:05', NULL, '2024-05-20 17:45:05', '2024-05-20 17:45:05'),
(350, 1.00, '2024-05-21 00:45:23', NULL, '2024-05-20 17:45:23', '2024-05-20 17:45:23'),
(351, 1.00, '2024-05-21 00:46:01', 1, '2024-05-20 17:46:01', '2024-05-20 17:46:01'),
(352, 7.29, '2024-05-21 00:46:29', 1, '2024-05-20 17:46:29', '2024-05-20 17:46:29'),
(353, 6.14, '2024-05-21 00:46:44', 1, '2024-05-20 17:46:44', '2024-05-20 17:46:44'),
(354, 6.81, '2024-05-21 00:46:55', 1, '2024-05-20 17:46:55', '2024-05-20 17:46:55'),
(355, 7.05, '2024-05-21 00:47:09', 1, '2024-05-20 17:47:09', '2024-05-20 17:47:09'),
(356, 6.99, '2024-05-21 00:49:57', 1, '2024-05-20 17:49:57', '2024-05-20 17:49:57'),
(357, 7.28, '2024-05-21 00:50:05', 1, '2024-05-20 17:50:05', '2024-05-20 17:50:05'),
(358, 4.75, '2024-05-21 00:50:12', 1, '2024-05-20 17:50:12', '2024-05-20 17:50:12'),
(359, 5.20, '2024-05-21 00:51:44', 1, '2024-05-20 17:51:44', '2024-05-20 17:51:44'),
(360, 6.95, '2024-05-21 00:51:52', 1, '2024-05-20 17:51:52', '2024-05-20 17:51:52'),
(361, 4.37, '2024-05-21 00:52:00', 1, '2024-05-20 17:52:00', '2024-05-20 17:52:00'),
(362, 4.76, '2024-05-21 00:52:09', 1, '2024-05-20 17:52:09', '2024-05-20 17:52:09'),
(363, 4.08, '2024-05-21 00:52:17', 1, '2024-05-20 17:52:17', '2024-05-20 17:52:17'),
(364, 6.77, '2024-05-21 00:52:26', 1, '2024-05-20 17:52:26', '2024-05-20 17:52:26'),
(365, 4.90, '2024-05-21 00:52:33', 1, '2024-05-20 17:52:33', '2024-05-20 17:52:33'),
(366, 6.81, '2024-05-21 00:52:57', 1, '2024-05-20 17:52:57', '2024-05-20 17:52:57'),
(367, 7.02, '2024-05-21 00:53:04', 1, '2024-05-20 17:53:04', '2024-05-20 17:53:04'),
(368, 7.39, '2024-05-21 01:03:47', 1, '2024-05-20 18:03:47', '2024-05-20 18:03:47'),
(369, 6.99, '2024-05-21 01:03:54', 1, '2024-05-20 18:03:54', '2024-05-20 18:03:54'),
(370, 7.18, '2024-05-21 01:04:02', 1, '2024-05-20 18:04:02', '2024-05-20 18:04:02'),
(371, 7.29, '2024-05-21 01:04:10', 1, '2024-05-20 18:04:10', '2024-05-20 18:04:10'),
(372, 4.61, '2024-05-21 01:04:35', 1, '2024-05-20 18:04:35', '2024-05-20 18:04:35'),
(373, 6.99, '2024-05-21 01:05:07', 1, '2024-05-20 18:05:07', '2024-05-20 18:05:07'),
(374, 8.24, '2024-05-21 01:05:15', 1, '2024-05-20 18:05:15', '2024-05-20 18:05:15'),
(375, 5.34, '2024-05-21 01:06:34', 1, '2024-05-20 18:06:34', '2024-05-20 18:06:34'),
(376, 6.75, '2024-05-21 01:06:43', 1, '2024-05-20 18:06:43', '2024-05-20 18:06:43'),
(377, 5.34, '2024-05-21 01:06:51', 1, '2024-05-20 18:06:51', '2024-05-20 18:06:51'),
(378, 7.19, '2024-05-21 01:07:16', 1, '2024-05-20 18:07:16', '2024-05-20 18:07:16'),
(379, 6.82, '2024-05-21 01:07:24', 1, '2024-05-20 18:07:24', '2024-05-20 18:07:24'),
(380, 5.41, '2024-05-21 01:07:56', 1, '2024-05-20 18:07:56', '2024-05-20 18:07:56'),
(381, 6.84, '2024-05-21 01:08:03', 1, '2024-05-20 18:08:03', '2024-05-20 18:08:03'),
(382, 7.45, '2024-05-21 01:10:10', 2, '2024-05-20 18:10:10', '2024-05-20 18:10:10'),
(383, 6.69, '2024-05-21 01:10:18', 2, '2024-05-20 18:10:18', '2024-05-20 18:10:18'),
(384, 6.98, '2024-05-21 01:10:25', 2, '2024-05-20 18:10:25', '2024-05-20 18:10:25'),
(385, 7.13, '2024-05-21 01:10:33', 1, '2024-05-20 18:10:33', '2024-05-20 18:10:33'),
(386, 6.92, '2024-05-21 01:10:42', 2, '2024-05-20 18:10:42', '2024-05-20 18:10:42'),
(387, 7.16, '2024-05-21 02:08:54', 2, '2024-05-20 19:08:54', '2024-05-20 19:08:54'),
(388, 7.32, '2024-05-21 02:09:00', 1, '2024-05-20 19:09:00', '2024-05-20 19:09:00'),
(389, 5.21, '2024-05-21 02:09:07', 1, '2024-05-20 19:09:07', '2024-05-20 19:09:07'),
(390, 7.10, '2024-05-21 02:09:14', 2, '2024-05-20 19:09:14', '2024-05-20 19:09:14'),
(391, 6.77, '2024-05-21 02:09:21', 2, '2024-05-20 19:09:21', '2024-05-20 19:09:21'),
(392, 7.49, '2024-05-21 02:09:28', 2, '2024-05-20 19:09:28', '2024-05-20 19:09:28'),
(393, 6.85, '2024-05-21 02:09:35', 1, '2024-05-20 19:09:35', '2024-05-20 19:09:35'),
(394, 6.89, '2024-05-21 02:09:42', 2, '2024-05-20 19:09:42', '2024-05-20 19:09:42'),
(395, 6.76, '2024-05-21 02:09:49', 2, '2024-05-20 19:09:49', '2024-05-20 19:09:49'),
(396, 6.92, '2024-05-21 02:09:55', 2, '2024-05-20 19:09:55', '2024-05-20 19:09:55'),
(397, 4.91, '2024-05-21 02:10:02', 2, '2024-05-20 19:10:02', '2024-05-20 19:10:02'),
(398, 4.56, '2024-05-21 02:10:08', 2, '2024-05-20 19:10:08', '2024-05-20 19:10:08'),
(399, 5.00, '2024-05-21 02:10:15', 2, '2024-05-20 19:10:15', '2024-05-20 19:10:15'),
(400, 4.21, '2024-05-21 02:10:22', 2, '2024-05-20 19:10:22', '2024-05-20 19:10:22'),
(401, 5.60, '2024-05-21 02:10:33', 2, '2024-05-20 19:10:33', '2024-05-20 19:10:33'),
(402, 4.54, '2024-05-21 02:10:39', 2, '2024-05-20 19:10:39', '2024-05-20 19:10:39'),
(403, 3.90, '2024-05-21 02:10:46', 2, '2024-05-20 19:10:46', '2024-05-20 19:10:46'),
(404, 7.23, '2024-05-21 02:10:52', 2, '2024-05-20 19:10:52', '2024-05-20 19:10:52'),
(405, 4.97, '2024-05-21 02:11:00', 2, '2024-05-20 19:11:00', '2024-05-20 19:11:00'),
(406, 5.26, '2024-05-21 02:11:06', 2, '2024-05-20 19:11:06', '2024-05-20 19:11:06'),
(407, 4.47, '2024-05-21 02:11:12', 2, '2024-05-20 19:11:12', '2024-05-20 19:11:12'),
(408, 6.02, '2024-05-21 02:11:19', 2, '2024-05-20 19:11:19', '2024-05-20 19:11:19'),
(409, 6.73, '2024-05-21 02:11:25', 2, '2024-05-20 19:11:25', '2024-05-20 19:11:25'),
(410, 5.99, '2024-05-23 01:31:54', 1, '2024-05-22 18:31:54', '2024-05-22 18:31:54'),
(411, 6.63, '2024-05-23 01:32:04', 1, '2024-05-22 18:32:04', '2024-05-22 18:32:04'),
(412, 7.05, '2024-05-23 01:32:16', 1, '2024-05-22 18:32:16', '2024-05-22 18:32:16'),
(413, 6.65, '2024-05-23 01:32:38', 1, '2024-05-22 18:32:38', '2024-05-22 18:32:38'),
(414, 7.06, '2024-05-23 01:32:45', 1, '2024-05-22 18:32:45', '2024-05-22 18:32:45'),
(415, 7.07, '2024-05-23 01:33:32', 1, '2024-05-22 18:33:32', '2024-05-22 18:33:32'),
(416, 6.77, '2024-05-23 01:33:39', 1, '2024-05-22 18:33:39', '2024-05-22 18:33:39'),
(417, 7.13, '2024-05-23 01:33:46', 1, '2024-05-22 18:33:46', '2024-05-22 18:33:46'),
(418, 6.78, '2024-05-23 01:33:53', 1, '2024-05-22 18:33:53', '2024-05-22 18:33:53'),
(419, 6.02, '2024-05-23 01:33:59', 1, '2024-05-22 18:33:59', '2024-05-22 18:33:59'),
(420, 7.16, '2024-05-23 01:34:06', 1, '2024-05-22 18:34:06', '2024-05-22 18:34:06'),
(421, 6.57, '2024-05-23 01:34:13', 1, '2024-05-22 18:34:13', '2024-05-22 18:34:13'),
(422, 6.65, '2024-05-23 01:34:20', 1, '2024-05-22 18:34:20', '2024-05-22 18:34:20'),
(423, 6.67, '2024-05-23 01:34:27', 1, '2024-05-22 18:34:27', '2024-05-22 18:34:27'),
(424, 6.66, '2024-05-23 01:34:34', 1, '2024-05-22 18:34:34', '2024-05-22 18:34:34'),
(425, 6.56, '2024-05-23 01:34:41', 1, '2024-05-22 18:34:41', '2024-05-22 18:34:41'),
(426, 5.92, '2024-05-23 01:34:47', 1, '2024-05-22 18:34:47', '2024-05-22 18:34:47'),
(427, 6.61, '2024-05-23 01:34:54', 1, '2024-05-22 18:34:54', '2024-05-22 18:34:54'),
(428, 6.66, '2024-05-23 01:35:00', 1, '2024-05-22 18:35:00', '2024-05-22 18:35:00'),
(429, 7.23, '2024-05-23 01:35:05', 1, '2024-05-22 18:35:05', '2024-05-22 18:35:05'),
(430, 6.71, '2024-05-23 01:35:11', 1, '2024-05-22 18:35:11', '2024-05-22 18:35:11'),
(431, 6.58, '2024-05-23 01:35:17', 1, '2024-05-22 18:35:17', '2024-05-22 18:35:17'),
(432, 5.86, '2024-05-23 01:35:23', 1, '2024-05-22 18:35:23', '2024-05-22 18:35:23'),
(433, 6.51, '2024-05-23 01:35:30', 1, '2024-05-22 18:35:30', '2024-05-22 18:35:30'),
(434, 5.67, '2024-05-23 01:35:35', 1, '2024-05-22 18:35:35', '2024-05-22 18:35:35'),
(435, 6.54, '2024-05-23 01:35:42', 1, '2024-05-22 18:35:42', '2024-05-22 18:35:42'),
(436, 6.14, '2024-05-23 01:35:48', 1, '2024-05-22 18:35:48', '2024-05-22 18:35:48'),
(437, 5.64, '2024-05-23 01:35:54', 1, '2024-05-22 18:35:54', '2024-05-22 18:35:54'),
(438, 6.51, '2024-05-23 01:36:00', 1, '2024-05-22 18:36:00', '2024-05-22 18:36:00'),
(439, 6.65, '2024-05-23 01:36:06', 1, '2024-05-22 18:36:06', '2024-05-22 18:36:06'),
(440, 6.11, '2024-05-23 01:36:12', 1, '2024-05-22 18:36:12', '2024-05-22 18:36:12'),
(441, 6.12, '2024-05-23 01:36:17', 1, '2024-05-22 18:36:17', '2024-05-22 18:36:17'),
(442, 5.61, '2024-05-23 01:36:23', 1, '2024-05-22 18:36:23', '2024-05-22 18:36:23'),
(443, 6.62, '2024-05-23 01:36:29', 1, '2024-05-22 18:36:29', '2024-05-22 18:36:29'),
(444, 7.30, '2024-05-23 01:36:35', 1, '2024-05-22 18:36:35', '2024-05-22 18:36:35'),
(445, 6.52, '2024-05-23 01:36:41', 1, '2024-05-22 18:36:41', '2024-05-22 18:36:41'),
(446, 6.61, '2024-05-23 01:36:49', 1, '2024-05-22 18:36:49', '2024-05-22 18:36:49'),
(447, 7.18, '2024-05-23 01:36:58', 1, '2024-05-22 18:36:58', '2024-05-22 18:36:58'),
(448, 6.84, '2024-05-23 01:37:04', 1, '2024-05-22 18:37:04', '2024-05-22 18:37:04'),
(449, 5.66, '2024-05-23 01:37:09', 1, '2024-05-22 18:37:09', '2024-05-22 18:37:09'),
(450, 6.07, '2024-05-23 01:37:16', 1, '2024-05-22 18:37:16', '2024-05-22 18:37:16'),
(451, 6.65, '2024-05-23 01:37:22', 1, '2024-05-22 18:37:22', '2024-05-22 18:37:22'),
(452, 5.61, '2024-05-23 01:37:27', 1, '2024-05-22 18:37:27', '2024-05-22 18:37:27'),
(453, 7.23, '2024-05-23 01:37:33', 1, '2024-05-22 18:37:33', '2024-05-22 18:37:33'),
(454, 7.07, '2024-05-23 01:37:39', 1, '2024-05-22 18:37:39', '2024-05-22 18:37:39'),
(455, 5.98, '2024-05-23 01:37:45', 1, '2024-05-22 18:37:45', '2024-05-22 18:37:45'),
(456, 6.20, '2024-05-23 01:37:51', 1, '2024-05-22 18:37:51', '2024-05-22 18:37:51'),
(457, 6.93, '2024-05-23 01:37:56', 1, '2024-05-22 18:37:56', '2024-05-22 18:37:56'),
(458, 5.72, '2024-05-23 01:38:02', 1, '2024-05-22 18:38:02', '2024-05-22 18:38:02'),
(459, 7.23, '2024-05-23 01:38:08', 1, '2024-05-22 18:38:08', '2024-05-22 18:38:08'),
(460, 6.63, '2024-05-23 01:38:14', 1, '2024-05-22 18:38:14', '2024-05-22 18:38:14'),
(461, 5.75, '2024-05-23 01:38:20', 1, '2024-05-22 18:38:20', '2024-05-22 18:38:20'),
(462, 6.59, '2024-05-23 01:38:25', 1, '2024-05-22 18:38:25', '2024-05-22 18:38:25'),
(463, 6.57, '2024-05-23 01:38:31', 1, '2024-05-22 18:38:31', '2024-05-22 18:38:31'),
(464, 6.54, '2024-05-23 01:38:37', 1, '2024-05-22 18:38:37', '2024-05-22 18:38:37'),
(465, 6.76, '2024-05-23 01:38:43', 1, '2024-05-22 18:38:43', '2024-05-22 18:38:43'),
(466, 6.61, '2024-05-23 01:38:52', 1, '2024-05-22 18:38:52', '2024-05-22 18:38:52'),
(467, 6.62, '2024-05-23 01:39:00', 1, '2024-05-22 18:39:00', '2024-05-22 18:39:00'),
(468, 7.20, '2024-05-23 01:39:06', 1, '2024-05-22 18:39:06', '2024-05-22 18:39:06'),
(469, 5.68, '2024-05-23 01:39:12', 1, '2024-05-22 18:39:12', '2024-05-22 18:39:12'),
(470, 6.14, '2024-05-23 01:39:18', 1, '2024-05-22 18:39:18', '2024-05-22 18:39:18'),
(471, 6.75, '2024-05-23 01:39:24', 1, '2024-05-22 18:39:24', '2024-05-22 18:39:24'),
(472, 6.76, '2024-05-23 01:39:30', 1, '2024-05-22 18:39:30', '2024-05-22 18:39:30');

-- --------------------------------------------------------

--
-- Struktur dari tabel `pencatatan_suhus`
--

CREATE TABLE `pencatatan_suhus` (
  `id` bigint(20) UNSIGNED NOT NULL,
  `suhu_Kolam` double(8,2) NOT NULL,
  `Tanggal_Monitoring` datetime NOT NULL,
  `Batas_optimal_suhu_ID` bigint(20) UNSIGNED DEFAULT NULL,
  `created_at` timestamp NULL DEFAULT NULL,
  `updated_at` timestamp NULL DEFAULT NULL
) ENGINE=InnoDB DEFAULT CHARSET=utf8mb4 COLLATE=utf8mb4_unicode_ci;

--
-- Dumping data untuk tabel `pencatatan_suhus`
--

INSERT INTO `pencatatan_suhus` (`id`, `suhu_Kolam`, `Tanggal_Monitoring`, `Batas_optimal_suhu_ID`, `created_at`, `updated_at`) VALUES
(1, 30.00, '2024-04-30 04:21:01', 1, NULL, NULL),
(2, 32.00, '2024-04-30 04:21:01', 1, NULL, NULL),
(3, 27.69, '2024-05-13 22:48:50', 1, '2024-05-13 15:48:50', '2024-05-13 15:48:50'),
(4, 27.75, '2024-05-13 22:48:51', 1, '2024-05-13 15:48:51', '2024-05-13 15:48:51'),
(5, 27.75, '2024-05-13 22:49:03', 1, '2024-05-13 15:49:03', '2024-05-13 15:49:03'),
(6, 27.75, '2024-05-13 22:49:05', 1, '2024-05-13 15:49:05', '2024-05-13 15:49:05'),
(7, 27.75, '2024-05-13 22:49:08', 1, '2024-05-13 15:49:08', '2024-05-13 15:49:08'),
(8, 27.75, '2024-05-13 22:49:15', 1, '2024-05-13 15:49:15', '2024-05-13 15:49:15'),
(9, 27.75, '2024-05-13 22:49:18', 1, '2024-05-13 15:49:18', '2024-05-13 15:49:18'),
(10, 27.75, '2024-05-13 22:49:25', 1, '2024-05-13 15:49:25', '2024-05-13 15:49:25'),
(11, 27.75, '2024-05-13 22:50:09', 1, '2024-05-13 15:50:09', '2024-05-13 15:50:09'),
(12, 27.75, '2024-05-13 22:50:15', 1, '2024-05-13 15:50:15', '2024-05-13 15:50:15'),
(13, 27.75, '2024-05-13 22:50:18', 1, '2024-05-13 15:50:18', '2024-05-13 15:50:18'),
(14, 27.81, '2024-05-13 22:50:22', 1, '2024-05-13 15:50:22', '2024-05-13 15:50:22'),
(15, 27.75, '2024-05-13 22:51:38', 1, '2024-05-13 15:51:38', '2024-05-13 15:51:38'),
(16, 27.75, '2024-05-13 22:54:48', 2, '2024-05-13 15:54:48', '2024-05-13 15:54:48'),
(17, 26.37, '2024-05-16 04:01:32', 1, '2024-05-15 21:01:32', '2024-05-15 21:01:32'),
(18, 26.37, '2024-05-16 04:01:33', 2, '2024-05-15 21:01:33', '2024-05-15 21:01:33'),
(19, 26.37, '2024-05-16 04:01:38', 1, '2024-05-15 21:01:38', '2024-05-15 21:01:38'),
(20, 26.37, '2024-05-16 04:01:39', 2, '2024-05-15 21:01:39', '2024-05-15 21:01:39'),
(21, 26.37, '2024-05-16 04:01:44', 1, '2024-05-15 21:01:44', '2024-05-15 21:01:44'),
(22, 26.37, '2024-05-16 04:01:45', 2, '2024-05-15 21:01:45', '2024-05-15 21:01:45'),
(23, 26.37, '2024-05-16 04:01:50', 1, '2024-05-15 21:01:50', '2024-05-15 21:01:50'),
(24, 26.37, '2024-05-16 04:01:51', 2, '2024-05-15 21:01:51', '2024-05-15 21:01:51'),
(25, 26.31, '2024-05-16 04:01:56', 1, '2024-05-15 21:01:56', '2024-05-15 21:01:56'),
(26, 26.31, '2024-05-16 04:01:57', 2, '2024-05-15 21:01:57', '2024-05-15 21:01:57'),
(27, 26.37, '2024-05-16 04:02:02', 1, '2024-05-15 21:02:02', '2024-05-15 21:02:02'),
(28, 26.37, '2024-05-16 04:02:03', 2, '2024-05-15 21:02:03', '2024-05-15 21:02:03'),
(29, 26.31, '2024-05-16 04:02:08', 1, '2024-05-15 21:02:08', '2024-05-15 21:02:08'),
(30, 26.31, '2024-05-16 04:02:09', 2, '2024-05-15 21:02:09', '2024-05-15 21:02:09'),
(31, 26.31, '2024-05-16 04:02:15', 1, '2024-05-15 21:02:15', '2024-05-15 21:02:15'),
(32, 26.31, '2024-05-16 04:02:15', 2, '2024-05-15 21:02:15', '2024-05-15 21:02:15'),
(33, 26.31, '2024-05-16 04:02:26', 1, '2024-05-15 21:02:26', '2024-05-15 21:02:26'),
(34, 26.31, '2024-05-16 04:02:26', 2, '2024-05-15 21:02:26', '2024-05-15 21:02:26'),
(35, 26.31, '2024-05-16 04:02:36', 2, '2024-05-15 21:02:36', '2024-05-15 21:02:36'),
(36, 26.25, '2024-05-16 04:02:42', 1, '2024-05-15 21:02:42', '2024-05-15 21:02:42'),
(37, 26.25, '2024-05-16 04:02:42', 2, '2024-05-15 21:02:42', '2024-05-15 21:02:42'),
(38, 26.25, '2024-05-16 04:02:53', 2, '2024-05-15 21:02:53', '2024-05-15 21:02:53'),
(39, 26.31, '2024-05-16 04:02:58', 1, '2024-05-15 21:02:58', '2024-05-15 21:02:58'),
(40, 26.31, '2024-05-16 04:02:59', 2, '2024-05-15 21:02:59', '2024-05-15 21:02:59'),
(41, 26.31, '2024-05-16 04:03:05', 1, '2024-05-15 21:03:05', '2024-05-15 21:03:05'),
(42, 26.31, '2024-05-16 04:03:05', 2, '2024-05-15 21:03:05', '2024-05-15 21:03:05'),
(43, 26.31, '2024-05-16 04:03:16', 1, '2024-05-15 21:03:16', '2024-05-15 21:03:16'),
(44, 26.31, '2024-05-16 04:03:39', 2, '2024-05-15 21:03:39', '2024-05-15 21:03:39'),
(45, 26.31, '2024-05-16 04:03:59', 1, '2024-05-15 21:03:59', '2024-05-15 21:03:59'),
(46, 26.31, '2024-05-16 04:04:12', 2, '2024-05-15 21:04:12', '2024-05-15 21:04:12'),
(47, 26.25, '2024-05-16 04:04:12', 1, '2024-05-15 21:04:12', '2024-05-15 21:04:12'),
(48, 26.25, '2024-05-16 04:04:13', 2, '2024-05-15 21:04:13', '2024-05-15 21:04:13'),
(49, 26.25, '2024-05-16 04:04:18', 1, '2024-05-15 21:04:18', '2024-05-15 21:04:18'),
(50, 26.25, '2024-05-16 04:04:19', 2, '2024-05-15 21:04:19', '2024-05-15 21:04:19'),
(51, 26.25, '2024-05-16 04:04:24', 1, '2024-05-15 21:04:24', '2024-05-15 21:04:24'),
(52, 26.25, '2024-05-16 04:04:25', 2, '2024-05-15 21:04:25', '2024-05-15 21:04:25'),
(53, 26.25, '2024-05-16 04:04:46', 1, '2024-05-15 21:04:46', '2024-05-15 21:04:46'),
(54, 26.25, '2024-05-16 04:04:46', 1, '2024-05-15 21:04:46', '2024-05-15 21:04:46'),
(55, 26.25, '2024-05-16 04:04:46', 2, '2024-05-15 21:04:46', '2024-05-15 21:04:46'),
(56, 26.25, '2024-05-16 04:05:17', 2, '2024-05-15 21:05:17', '2024-05-15 21:05:17'),
(57, 26.25, '2024-05-16 04:05:21', 1, '2024-05-15 21:05:21', '2024-05-15 21:05:21'),
(58, 26.31, '2024-05-16 04:05:24', 1, '2024-05-15 21:05:24', '2024-05-15 21:05:24'),
(59, 26.31, '2024-05-16 04:05:25', 2, '2024-05-15 21:05:25', '2024-05-15 21:05:25'),
(60, 26.31, '2024-05-16 04:05:30', 1, '2024-05-15 21:05:30', '2024-05-15 21:05:30'),
(61, 26.31, '2024-05-16 04:05:31', 2, '2024-05-15 21:05:31', '2024-05-15 21:05:31'),
(62, 26.31, '2024-05-16 04:06:06', 1, '2024-05-15 21:06:06', '2024-05-15 21:06:06'),
(63, 26.31, '2024-05-16 04:06:07', 2, '2024-05-15 21:06:07', '2024-05-15 21:06:07'),
(64, 26.31, '2024-05-16 04:06:12', 1, '2024-05-15 21:06:12', '2024-05-15 21:06:12'),
(65, 26.31, '2024-05-16 04:06:18', 2, '2024-05-15 21:06:18', '2024-05-15 21:06:18'),
(66, 26.31, '2024-05-16 04:06:24', 2, '2024-05-15 21:06:24', '2024-05-15 21:06:24'),
(67, 26.31, '2024-05-16 04:06:25', 1, '2024-05-15 21:06:25', '2024-05-15 21:06:25'),
(68, 26.31, '2024-05-16 04:06:28', 2, '2024-05-15 21:06:28', '2024-05-15 21:06:28'),
(69, 26.31, '2024-05-16 04:06:34', 1, '2024-05-15 21:06:34', '2024-05-15 21:06:34'),
(70, 26.31, '2024-05-16 04:06:34', 2, '2024-05-15 21:06:34', '2024-05-15 21:06:34'),
(71, 26.37, '2024-05-16 04:06:40', 1, '2024-05-15 21:06:40', '2024-05-15 21:06:40'),
(72, 26.37, '2024-05-16 04:06:41', 2, '2024-05-15 21:06:41', '2024-05-15 21:06:41'),
(73, 26.31, '2024-05-16 04:06:51', 1, '2024-05-15 21:06:51', '2024-05-15 21:06:51'),
(74, 26.31, '2024-05-16 04:06:54', 2, '2024-05-15 21:06:54', '2024-05-15 21:06:54'),
(75, 26.37, '2024-05-16 04:06:59', 1, '2024-05-15 21:06:59', '2024-05-15 21:06:59'),
(76, 26.37, '2024-05-16 04:07:00', 2, '2024-05-15 21:07:00', '2024-05-15 21:07:00'),
(77, 26.37, '2024-05-16 04:07:05', 1, '2024-05-15 21:07:05', '2024-05-15 21:07:05'),
(78, 26.37, '2024-05-16 04:07:06', 2, '2024-05-15 21:07:06', '2024-05-15 21:07:06'),
(79, 26.37, '2024-05-16 04:07:11', 1, '2024-05-15 21:07:11', '2024-05-15 21:07:11'),
(80, 26.37, '2024-05-16 04:07:12', 2, '2024-05-15 21:07:12', '2024-05-15 21:07:12'),
(81, 26.37, '2024-05-16 04:07:17', 1, '2024-05-15 21:07:17', '2024-05-15 21:07:17'),
(82, 26.37, '2024-05-16 04:07:18', 2, '2024-05-15 21:07:18', '2024-05-15 21:07:18'),
(83, 26.37, '2024-05-16 04:07:24', 1, '2024-05-15 21:07:24', '2024-05-15 21:07:24'),
(84, 26.37, '2024-05-16 04:07:24', 2, '2024-05-15 21:07:24', '2024-05-15 21:07:24'),
(85, 26.37, '2024-05-16 04:07:30', 1, '2024-05-15 21:07:30', '2024-05-15 21:07:30'),
(86, 26.37, '2024-05-16 04:07:32', 2, '2024-05-15 21:07:32', '2024-05-15 21:07:32'),
(87, 31.00, '2024-05-16 19:59:11', 1, '2024-05-16 12:59:11', '2024-05-16 12:59:11'),
(88, 30.00, '2024-05-16 19:59:18', 2, '2024-05-16 12:59:18', '2024-05-16 12:59:18'),
(89, 31.00, '2024-05-16 20:42:00', 1, '2024-05-16 13:42:00', '2024-05-16 13:42:00'),
(90, 31.00, '2024-05-16 20:46:22', 1, '2024-05-16 13:46:22', '2024-05-16 13:46:22'),
(91, 31.00, '2024-05-16 20:46:22', 1, '2024-05-16 13:46:22', '2024-05-16 13:46:22'),
(92, 31.00, '2024-05-16 20:46:22', 1, '2024-05-16 13:46:22', '2024-05-16 13:46:22'),
(93, 31.00, '2024-05-16 20:46:22', 1, '2024-05-16 13:46:22', '2024-05-16 13:46:22'),
(94, 31.00, '2024-05-16 21:12:46', 1, '2024-05-16 14:12:46', '2024-05-16 14:12:46'),
(95, 31.00, '2024-05-16 21:16:34', 1, '2024-05-16 14:16:34', '2024-05-16 14:16:34'),
(96, 26.81, '2024-05-16 21:28:39', NULL, '2024-05-16 14:28:39', '2024-05-16 14:28:39'),
(97, 26.81, '2024-05-16 21:28:45', NULL, '2024-05-16 14:28:45', '2024-05-16 14:28:45'),
(98, 26.81, '2024-05-16 21:28:50', NULL, '2024-05-16 14:28:50', '2024-05-16 14:28:50'),
(99, 26.81, '2024-05-16 21:28:56', NULL, '2024-05-16 14:28:56', '2024-05-16 14:28:56'),
(100, 26.81, '2024-05-16 21:29:02', NULL, '2024-05-16 14:29:02', '2024-05-16 14:29:02'),
(101, 26.81, '2024-05-16 21:29:08', NULL, '2024-05-16 14:29:08', '2024-05-16 14:29:08'),
(102, 26.81, '2024-05-16 21:29:13', NULL, '2024-05-16 14:29:13', '2024-05-16 14:29:13'),
(103, 26.81, '2024-05-16 21:29:19', NULL, '2024-05-16 14:29:19', '2024-05-16 14:29:19'),
(104, 26.81, '2024-05-16 21:29:24', NULL, '2024-05-16 14:29:24', '2024-05-16 14:29:24'),
(105, 26.75, '2024-05-16 21:29:30', NULL, '2024-05-16 14:29:30', '2024-05-16 14:29:30'),
(106, 26.81, '2024-05-16 21:29:36', NULL, '2024-05-16 14:29:36', '2024-05-16 14:29:36'),
(107, 26.81, '2024-05-16 21:29:41', NULL, '2024-05-16 14:29:41', '2024-05-16 14:29:41'),
(108, 26.81, '2024-05-16 21:29:47', NULL, '2024-05-16 14:29:47', '2024-05-16 14:29:47'),
(109, 26.81, '2024-05-16 21:29:52', NULL, '2024-05-16 14:29:52', '2024-05-16 14:29:52'),
(110, 26.81, '2024-05-16 21:29:58', NULL, '2024-05-16 14:29:58', '2024-05-16 14:29:58'),
(111, 26.88, '2024-05-16 21:30:03', NULL, '2024-05-16 14:30:03', '2024-05-16 14:30:03'),
(112, 26.81, '2024-05-16 21:30:09', NULL, '2024-05-16 14:30:09', '2024-05-16 14:30:09'),
(113, 26.81, '2024-05-16 21:30:15', NULL, '2024-05-16 14:30:15', '2024-05-16 14:30:15'),
(114, 26.88, '2024-05-16 21:30:20', NULL, '2024-05-16 14:30:20', '2024-05-16 14:30:20'),
(115, 26.88, '2024-05-16 21:30:25', NULL, '2024-05-16 14:30:25', '2024-05-16 14:30:25'),
(116, 26.81, '2024-05-16 21:30:31', NULL, '2024-05-16 14:30:31', '2024-05-16 14:30:31'),
(117, 26.81, '2024-05-16 21:30:36', NULL, '2024-05-16 14:30:36', '2024-05-16 14:30:36'),
(118, 26.81, '2024-05-16 21:30:45', NULL, '2024-05-16 14:30:45', '2024-05-16 14:30:45'),
(119, 26.81, '2024-05-16 21:30:50', NULL, '2024-05-16 14:30:50', '2024-05-16 14:30:50'),
(120, 26.81, '2024-05-16 21:30:56', NULL, '2024-05-16 14:30:56', '2024-05-16 14:30:56'),
(121, 26.81, '2024-05-16 21:31:01', NULL, '2024-05-16 14:31:01', '2024-05-16 14:31:01'),
(122, 26.88, '2024-05-16 21:31:06', NULL, '2024-05-16 14:31:06', '2024-05-16 14:31:06'),
(123, 26.88, '2024-05-16 21:31:12', NULL, '2024-05-16 14:31:12', '2024-05-16 14:31:12'),
(124, 26.81, '2024-05-16 21:31:18', NULL, '2024-05-16 14:31:18', '2024-05-16 14:31:18'),
(125, 26.81, '2024-05-16 21:31:23', NULL, '2024-05-16 14:31:23', '2024-05-16 14:31:23'),
(126, 26.88, '2024-05-16 21:31:29', NULL, '2024-05-16 14:31:29', '2024-05-16 14:31:29'),
(127, 26.81, '2024-05-16 21:31:34', NULL, '2024-05-16 14:31:34', '2024-05-16 14:31:34'),
(128, 26.88, '2024-05-16 21:31:40', NULL, '2024-05-16 14:31:40', '2024-05-16 14:31:40'),
(129, 26.81, '2024-05-16 21:31:46', NULL, '2024-05-16 14:31:46', '2024-05-16 14:31:46'),
(130, 26.88, '2024-05-16 21:31:51', NULL, '2024-05-16 14:31:51', '2024-05-16 14:31:51'),
(131, 26.81, '2024-05-16 21:31:56', NULL, '2024-05-16 14:31:56', '2024-05-16 14:31:56'),
(132, 26.81, '2024-05-16 21:32:02', NULL, '2024-05-16 14:32:02', '2024-05-16 14:32:02'),
(133, 26.88, '2024-05-16 21:32:07', NULL, '2024-05-16 14:32:07', '2024-05-16 14:32:07'),
(134, 26.88, '2024-05-16 21:32:16', NULL, '2024-05-16 14:32:16', '2024-05-16 14:32:16'),
(135, 26.88, '2024-05-16 21:32:22', NULL, '2024-05-16 14:32:22', '2024-05-16 14:32:22'),
(136, 26.88, '2024-05-16 21:32:27', NULL, '2024-05-16 14:32:27', '2024-05-16 14:32:27'),
(137, 26.88, '2024-05-16 21:32:33', NULL, '2024-05-16 14:32:33', '2024-05-16 14:32:33'),
(138, 26.81, '2024-05-16 21:32:38', NULL, '2024-05-16 14:32:38', '2024-05-16 14:32:38'),
(139, 26.88, '2024-05-16 21:32:44', NULL, '2024-05-16 14:32:44', '2024-05-16 14:32:44'),
(140, 26.81, '2024-05-16 21:32:50', NULL, '2024-05-16 14:32:50', '2024-05-16 14:32:50'),
(141, 26.81, '2024-05-16 21:32:55', NULL, '2024-05-16 14:32:55', '2024-05-16 14:32:55'),
(142, 26.81, '2024-05-16 21:33:01', NULL, '2024-05-16 14:33:01', '2024-05-16 14:33:01'),
(143, 26.81, '2024-05-16 21:33:06', NULL, '2024-05-16 14:33:06', '2024-05-16 14:33:06'),
(144, 26.81, '2024-05-16 21:33:12', NULL, '2024-05-16 14:33:12', '2024-05-16 14:33:12'),
(145, 26.81, '2024-05-16 21:33:17', NULL, '2024-05-16 14:33:17', '2024-05-16 14:33:17'),
(146, 26.81, '2024-05-16 21:33:23', NULL, '2024-05-16 14:33:23', '2024-05-16 14:33:23'),
(147, 26.81, '2024-05-16 21:33:28', NULL, '2024-05-16 14:33:28', '2024-05-16 14:33:28'),
(148, 26.81, '2024-05-16 21:33:34', NULL, '2024-05-16 14:33:34', '2024-05-16 14:33:34'),
(149, 26.81, '2024-05-16 21:33:39', NULL, '2024-05-16 14:33:39', '2024-05-16 14:33:39'),
(150, 26.81, '2024-05-16 21:33:45', NULL, '2024-05-16 14:33:45', '2024-05-16 14:33:45'),
(151, 27.00, '2024-05-16 21:51:31', NULL, '2024-05-16 14:51:31', '2024-05-16 14:51:31'),
(152, 27.00, '2024-05-16 21:51:37', NULL, '2024-05-16 14:51:37', '2024-05-16 14:51:37'),
(153, 26.94, '2024-05-16 21:51:42', NULL, '2024-05-16 14:51:42', '2024-05-16 14:51:42'),
(154, 27.00, '2024-05-16 21:51:48', NULL, '2024-05-16 14:51:48', '2024-05-16 14:51:48'),
(155, 27.00, '2024-05-16 21:51:53', NULL, '2024-05-16 14:51:53', '2024-05-16 14:51:53'),
(156, 27.00, '2024-05-16 21:51:59', NULL, '2024-05-16 14:51:59', '2024-05-16 14:51:59'),
(157, 27.00, '2024-05-16 21:52:04', NULL, '2024-05-16 14:52:04', '2024-05-16 14:52:04'),
(158, 31.00, '2024-05-16 21:54:48', 1, '2024-05-16 14:54:48', '2024-05-16 14:54:48'),
(159, 31.00, '2024-05-16 21:55:19', 1, '2024-05-16 14:55:19', '2024-05-16 14:55:19'),
(160, 31.00, '2024-05-16 21:57:22', 1, '2024-05-16 14:57:22', '2024-05-16 14:57:22'),
(161, 31.00, '2024-05-16 21:57:22', 1, '2024-05-16 14:57:22', '2024-05-16 14:57:22'),
(162, 31.00, '2024-05-16 21:57:22', 1, '2024-05-16 14:57:22', '2024-05-16 14:57:22'),
(163, 31.00, '2024-05-16 21:57:39', 1, '2024-05-16 14:57:39', '2024-05-16 14:57:39'),
(164, 31.00, '2024-05-16 21:58:04', 1, '2024-05-16 14:58:04', '2024-05-16 14:58:04'),
(165, 31.00, '2024-05-16 21:58:04', 1, '2024-05-16 14:58:04', '2024-05-16 14:58:04'),
(166, 31.00, '2024-05-16 21:58:05', 1, '2024-05-16 14:58:05', '2024-05-16 14:58:05'),
(167, 31.00, '2024-05-16 21:58:05', 1, '2024-05-16 14:58:05', '2024-05-16 14:58:05'),
(168, 31.00, '2024-05-16 21:58:05', 1, '2024-05-16 14:58:05', '2024-05-16 14:58:05'),
(169, 31.00, '2024-05-16 21:58:05', 1, '2024-05-16 14:58:05', '2024-05-16 14:58:05'),
(170, 31.00, '2024-05-16 21:58:05', 1, '2024-05-16 14:58:05', '2024-05-16 14:58:05'),
(171, 30.00, '2024-05-16 21:58:28', 2, '2024-05-16 14:58:28', '2024-05-16 14:58:28'),
(172, 30.00, '2024-05-16 21:58:28', 2, '2024-05-16 14:58:28', '2024-05-16 14:58:28'),
(173, 30.00, '2024-05-16 21:58:28', 2, '2024-05-16 14:58:28', '2024-05-16 14:58:28'),
(174, 30.00, '2024-05-16 21:58:28', 2, '2024-05-16 14:58:28', '2024-05-16 14:58:28'),
(175, 30.00, '2024-05-16 21:58:29', 2, '2024-05-16 14:58:29', '2024-05-16 14:58:29'),
(176, 31.00, '2024-05-19 21:00:07', 1, '2024-05-19 14:00:07', '2024-05-19 14:00:07'),
(177, 30.00, '2024-05-19 21:00:19', 2, '2024-05-19 14:00:19', '2024-05-19 14:00:19'),
(178, 30.00, '2024-05-19 21:00:35', 2, '2024-05-19 14:00:35', '2024-05-19 14:00:35'),
(179, 31.00, '2024-05-19 21:10:13', 1, '2024-05-19 14:10:13', '2024-05-19 14:10:13'),
(180, 30.00, '2024-05-19 21:10:22', 2, '2024-05-19 14:10:22', '2024-05-19 14:10:22'),
(181, 31.00, '2024-05-19 23:17:22', 1, '2024-05-19 16:17:22', '2024-05-19 16:17:22'),
(182, 31.00, '2024-05-20 21:00:02', 1, '2024-05-20 14:00:02', '2024-05-20 14:00:02'),
(183, 31.00, '2024-05-20 21:00:10', 1, '2024-05-20 14:00:10', '2024-05-20 14:00:10'),
(184, 30.00, '2024-05-20 21:00:23', 2, '2024-05-20 14:00:23', '2024-05-20 14:00:23'),
(185, 30.00, '2024-05-20 21:00:30', 2, '2024-05-20 14:00:30', '2024-05-20 14:00:30'),
(186, 30.00, '2024-05-20 21:00:33', 2, '2024-05-20 14:00:33', '2024-05-20 14:00:33'),
(187, 30.00, '2024-05-20 21:00:36', 2, '2024-05-20 14:00:36', '2024-05-20 14:00:36'),
(188, 30.00, '2024-05-20 21:00:37', 2, '2024-05-20 14:00:37', '2024-05-20 14:00:37'),
(189, 30.00, '2024-05-20 21:00:43', 2, '2024-05-20 14:00:43', '2024-05-20 14:00:43'),
(190, 30.00, '2024-05-20 21:01:52', 2, '2024-05-20 14:01:52', '2024-05-20 14:01:52'),
(191, 15.00, '2024-05-20 21:02:19', 2, '2024-05-20 14:02:19', '2024-05-20 14:02:19'),
(192, 15.00, '2024-05-20 21:02:34', 2, '2024-05-20 14:02:34', '2024-05-20 14:02:34'),
(193, 15.00, '2024-05-20 21:02:34', 2, '2024-05-20 14:02:34', '2024-05-20 14:02:34'),
(194, 15.00, '2024-05-20 21:02:35', 2, '2024-05-20 14:02:35', '2024-05-20 14:02:35'),
(195, 15.00, '2024-05-20 21:15:38', 2, '2024-05-20 14:15:38', '2024-05-20 14:15:38'),
(196, 15.00, '2024-05-20 21:15:48', 2, '2024-05-20 14:15:48', '2024-05-20 14:15:48'),
(197, 15.00, '2024-05-20 21:15:48', 2, '2024-05-20 14:15:48', '2024-05-20 14:15:48'),
(198, 15.00, '2024-05-20 21:15:48', 2, '2024-05-20 14:15:48', '2024-05-20 14:15:48'),
(199, 15.00, '2024-05-20 21:16:22', 2, '2024-05-20 14:16:22', '2024-05-20 14:16:22'),
(200, 15.00, '2024-05-20 21:16:22', 2, '2024-05-20 14:16:22', '2024-05-20 14:16:22'),
(201, 15.00, '2024-05-20 21:16:22', 2, '2024-05-20 14:16:22', '2024-05-20 14:16:22'),
(202, 15.00, '2024-05-20 21:16:23', 2, '2024-05-20 14:16:23', '2024-05-20 14:16:23'),
(203, 15.00, '2024-05-20 21:16:23', 2, '2024-05-20 14:16:23', '2024-05-20 14:16:23'),
(204, 15.00, '2024-05-20 21:16:23', 2, '2024-05-20 14:16:23', '2024-05-20 14:16:23'),
(205, 15.00, '2024-05-20 21:18:45', 2, '2024-05-20 14:18:45', '2024-05-20 14:18:45'),
(206, 15.00, '2024-05-20 21:22:24', 2, '2024-05-20 14:22:24', '2024-05-20 14:22:24'),
(207, 15.00, '2024-05-20 21:22:24', 2, '2024-05-20 14:22:24', '2024-05-20 14:22:24'),
(208, 15.00, '2024-05-20 21:22:25', 2, '2024-05-20 14:22:25', '2024-05-20 14:22:25'),
(209, 15.00, '2024-05-20 21:25:38', 2, '2024-05-20 14:25:38', '2024-05-20 14:25:38'),
(210, 15.00, '2024-05-20 21:25:38', 2, '2024-05-20 14:25:38', '2024-05-20 14:25:38'),
(211, 15.00, '2024-05-20 21:25:39', 2, '2024-05-20 14:25:39', '2024-05-20 14:25:39'),
(212, 15.00, '2024-05-20 21:25:39', 2, '2024-05-20 14:25:39', '2024-05-20 14:25:39'),
(213, 15.00, '2024-05-20 21:29:02', 2, '2024-05-20 14:29:02', '2024-05-20 14:29:02'),
(214, 15.00, '2024-05-20 21:29:30', 2, '2024-05-20 14:29:30', '2024-05-20 14:29:30'),
(215, 31.00, '2024-05-20 21:29:36', 1, '2024-05-20 14:29:36', '2024-05-20 14:29:36'),
(216, 31.00, '2024-05-20 21:29:37', 1, '2024-05-20 14:29:37', '2024-05-20 14:29:37'),
(217, 2.00, '2024-05-20 21:33:37', 1, '2024-05-20 14:33:37', '2024-05-20 14:33:37'),
(218, 31.00, '2024-05-20 21:35:00', 1, '2024-05-20 14:35:00', '2024-05-20 14:35:00'),
(219, 31.00, '2024-05-20 21:35:08', 1, '2024-05-20 14:35:08', '2024-05-20 14:35:08'),
(220, 31.00, '2024-05-20 21:37:40', 1, '2024-05-20 14:37:40', '2024-05-20 14:37:40'),
(221, 31.00, '2024-05-20 21:37:52', 1, '2024-05-20 14:37:52', '2024-05-20 14:37:52'),
(222, 31.00, '2024-05-20 21:37:53', 1, '2024-05-20 14:37:53', '2024-05-20 14:37:53'),
(223, 31.00, '2024-05-20 21:37:53', 1, '2024-05-20 14:37:53', '2024-05-20 14:37:53'),
(224, 31.00, '2024-05-20 21:37:53', 1, '2024-05-20 14:37:53', '2024-05-20 14:37:53'),
(225, 31.00, '2024-05-20 21:38:18', 1, '2024-05-20 14:38:18', '2024-05-20 14:38:18'),
(226, 2.00, '2024-05-20 21:40:00', 1, '2024-05-20 14:40:00', '2024-05-20 14:40:00'),
(227, 31.00, '2024-05-20 22:14:16', 1, '2024-05-20 15:14:16', '2024-05-20 15:14:16'),
(228, 31.00, '2024-05-20 22:19:48', 1, '2024-05-20 15:19:48', '2024-05-20 15:19:48'),
(229, 1.00, '2024-05-20 22:28:57', 1, '2024-05-20 15:28:57', '2024-05-20 15:28:57'),
(230, 28.00, '2024-05-20 22:38:08', 1, '2024-05-20 15:38:08', '2024-05-20 15:38:08'),
(231, 28.00, '2024-05-20 22:38:17', 1, '2024-05-20 15:38:17', '2024-05-20 15:38:17'),
(232, 28.00, '2024-05-20 22:38:39', 1, '2024-05-20 15:38:39', '2024-05-20 15:38:39'),
(233, 28.00, '2024-05-20 22:39:04', 1, '2024-05-20 15:39:04', '2024-05-20 15:39:04'),
(234, 28.00, '2024-05-20 22:39:25', 1, '2024-05-20 15:39:25', '2024-05-20 15:39:25'),
(235, 28.00, '2024-05-20 22:39:32', 1, '2024-05-20 15:39:32', '2024-05-20 15:39:32'),
(236, 28.00, '2024-05-20 22:39:38', 1, '2024-05-20 15:39:38', '2024-05-20 15:39:38'),
(237, 28.00, '2024-05-20 22:39:45', 1, '2024-05-20 15:39:45', '2024-05-20 15:39:45'),
(238, 28.00, '2024-05-20 22:39:56', 1, '2024-05-20 15:39:56', '2024-05-20 15:39:56'),
(239, 28.00, '2024-05-20 22:40:03', 1, '2024-05-20 15:40:03', '2024-05-20 15:40:03'),
(240, 28.00, '2024-05-20 22:40:09', 1, '2024-05-20 15:40:09', '2024-05-20 15:40:09'),
(241, 28.00, '2024-05-20 22:40:15', 1, '2024-05-20 15:40:15', '2024-05-20 15:40:15'),
(242, 28.00, '2024-05-20 22:40:22', 1, '2024-05-20 15:40:22', '2024-05-20 15:40:22'),
(243, 28.00, '2024-05-20 22:40:34', 1, '2024-05-20 15:40:34', '2024-05-20 15:40:34'),
(244, 28.00, '2024-05-20 22:40:40', 1, '2024-05-20 15:40:40', '2024-05-20 15:40:40'),
(245, 28.00, '2024-05-20 22:40:46', 1, '2024-05-20 15:40:46', '2024-05-20 15:40:46'),
(246, 28.00, '2024-05-20 22:41:10', 1, '2024-05-20 15:41:10', '2024-05-20 15:41:10'),
(247, 28.00, '2024-05-20 22:41:15', 1, '2024-05-20 15:41:15', '2024-05-20 15:41:15'),
(248, 28.00, '2024-05-20 22:41:21', 1, '2024-05-20 15:41:21', '2024-05-20 15:41:21'),
(249, 28.00, '2024-05-20 22:41:28', 1, '2024-05-20 15:41:28', '2024-05-20 15:41:28'),
(250, 28.06, '2024-05-20 22:41:35', 1, '2024-05-20 15:41:35', '2024-05-20 15:41:35'),
(251, 28.06, '2024-05-20 22:41:44', 1, '2024-05-20 15:41:44', '2024-05-20 15:41:44'),
(252, 28.06, '2024-05-20 22:41:50', 1, '2024-05-20 15:41:50', '2024-05-20 15:41:50'),
(253, 28.06, '2024-05-20 22:42:00', 1, '2024-05-20 15:42:00', '2024-05-20 15:42:00'),
(254, 28.06, '2024-05-20 22:42:08', 1, '2024-05-20 15:42:08', '2024-05-20 15:42:08'),
(255, 28.06, '2024-05-20 22:42:28', 1, '2024-05-20 15:42:28', '2024-05-20 15:42:28'),
(256, 28.06, '2024-05-20 22:42:39', 1, '2024-05-20 15:42:39', '2024-05-20 15:42:39'),
(257, 28.06, '2024-05-20 22:42:49', 1, '2024-05-20 15:42:49', '2024-05-20 15:42:49'),
(258, 28.06, '2024-05-20 22:42:59', 1, '2024-05-20 15:42:59', '2024-05-20 15:42:59'),
(259, 28.06, '2024-05-20 22:43:21', 1, '2024-05-20 15:43:21', '2024-05-20 15:43:21'),
(260, 28.06, '2024-05-20 22:43:37', 1, '2024-05-20 15:43:37', '2024-05-20 15:43:37'),
(261, 28.06, '2024-05-20 22:43:43', 1, '2024-05-20 15:43:43', '2024-05-20 15:43:43'),
(262, 28.06, '2024-05-20 22:43:49', 1, '2024-05-20 15:43:49', '2024-05-20 15:43:49'),
(263, 28.06, '2024-05-20 22:43:56', 1, '2024-05-20 15:43:56', '2024-05-20 15:43:56'),
(264, 28.06, '2024-05-20 22:56:56', NULL, '2024-05-20 15:56:56', '2024-05-20 15:56:56'),
(265, 28.06, '2024-05-20 22:57:11', NULL, '2024-05-20 15:57:11', '2024-05-20 15:57:11'),
(266, 28.06, '2024-05-20 22:57:14', NULL, '2024-05-20 15:57:14', '2024-05-20 15:57:14'),
(267, 28.06, '2024-05-20 22:57:23', NULL, '2024-05-20 15:57:23', '2024-05-20 15:57:23'),
(268, 28.06, '2024-05-20 22:57:57', NULL, '2024-05-20 15:57:57', '2024-05-20 15:57:57'),
(269, 28.12, '2024-05-20 22:58:20', NULL, '2024-05-20 15:58:20', '2024-05-20 15:58:20'),
(270, 2.00, '2024-05-21 00:13:32', NULL, '2024-05-20 17:13:32', '2024-05-20 17:13:32'),
(271, 2.00, '2024-05-21 00:13:52', NULL, '2024-05-20 17:13:52', '2024-05-20 17:13:52'),
(272, 2.00, '2024-05-21 00:14:12', NULL, '2024-05-20 17:14:12', '2024-05-20 17:14:12'),
(273, 2.00, '2024-05-21 00:14:32', NULL, '2024-05-20 17:14:32', '2024-05-20 17:14:32'),
(274, 27.56, '2024-05-21 00:15:35', NULL, '2024-05-20 17:15:35', '2024-05-20 17:15:35'),
(275, 27.50, '2024-05-21 00:15:49', NULL, '2024-05-20 17:15:49', '2024-05-20 17:15:49'),
(276, 27.50, '2024-05-21 00:16:03', NULL, '2024-05-20 17:16:03', '2024-05-20 17:16:03'),
(277, 27.50, '2024-05-21 00:16:16', NULL, '2024-05-20 17:16:16', '2024-05-20 17:16:16'),
(278, 27.50, '2024-05-21 00:16:29', NULL, '2024-05-20 17:16:29', '2024-05-20 17:16:29'),
(279, 27.50, '2024-05-21 00:16:42', NULL, '2024-05-20 17:16:42', '2024-05-20 17:16:42'),
(280, 27.50, '2024-05-21 00:16:55', NULL, '2024-05-20 17:16:55', '2024-05-20 17:16:55'),
(281, 27.50, '2024-05-21 00:17:09', NULL, '2024-05-20 17:17:09', '2024-05-20 17:17:09'),
(282, 2.00, '2024-05-21 00:23:07', NULL, '2024-05-20 17:23:07', '2024-05-20 17:23:07'),
(283, 2.00, '2024-05-21 00:23:22', NULL, '2024-05-20 17:23:22', '2024-05-20 17:23:22'),
(284, 27.38, '2024-05-21 00:30:27', NULL, '2024-05-20 17:30:27', '2024-05-20 17:30:27'),
(285, 27.38, '2024-05-21 00:31:28', NULL, '2024-05-20 17:31:28', '2024-05-20 17:31:28'),
(286, 27.38, '2024-05-21 00:31:46', NULL, '2024-05-20 17:31:46', '2024-05-20 17:31:46'),
(287, 27.38, '2024-05-21 00:32:00', NULL, '2024-05-20 17:32:00', '2024-05-20 17:32:00'),
(288, 27.38, '2024-05-21 00:32:14', NULL, '2024-05-20 17:32:14', '2024-05-20 17:32:14'),
(289, 27.38, '2024-05-21 00:32:32', NULL, '2024-05-20 17:32:32', '2024-05-20 17:32:32'),
(290, 27.38, '2024-05-21 00:32:46', NULL, '2024-05-20 17:32:46', '2024-05-20 17:32:46'),
(291, 27.38, '2024-05-21 00:33:00', NULL, '2024-05-20 17:33:00', '2024-05-20 17:33:00'),
(292, 27.38, '2024-05-21 00:33:16', NULL, '2024-05-20 17:33:16', '2024-05-20 17:33:16'),
(293, 27.38, '2024-05-21 00:33:30', NULL, '2024-05-20 17:33:30', '2024-05-20 17:33:30'),
(294, 27.38, '2024-05-21 00:33:43', NULL, '2024-05-20 17:33:43', '2024-05-20 17:33:43'),
(295, 27.38, '2024-05-21 00:33:57', NULL, '2024-05-20 17:33:57', '2024-05-20 17:33:57'),
(296, 27.38, '2024-05-21 00:34:11', NULL, '2024-05-20 17:34:11', '2024-05-20 17:34:11'),
(297, 27.44, '2024-05-21 00:34:27', NULL, '2024-05-20 17:34:27', '2024-05-20 17:34:27'),
(298, 27.38, '2024-05-21 00:34:38', NULL, '2024-05-20 17:34:38', '2024-05-20 17:34:38'),
(299, 27.38, '2024-05-21 00:34:52', NULL, '2024-05-20 17:34:52', '2024-05-20 17:34:52'),
(300, 2.00, '2024-05-21 00:36:58', NULL, '2024-05-20 17:36:58', '2024-05-20 17:36:58'),
(301, 2.00, '2024-05-21 00:37:13', NULL, '2024-05-20 17:37:13', '2024-05-20 17:37:13'),
(302, 2.00, '2024-05-21 00:45:05', NULL, '2024-05-20 17:45:05', '2024-05-20 17:45:05'),
(303, 2.00, '2024-05-21 00:45:23', NULL, '2024-05-20 17:45:23', '2024-05-20 17:45:23'),
(304, 2.00, '2024-05-21 00:46:01', 1, '2024-05-20 17:46:01', '2024-05-20 17:46:01'),
(305, 27.38, '2024-05-21 00:46:29', 1, '2024-05-20 17:46:29', '2024-05-20 17:46:29'),
(306, 27.38, '2024-05-21 00:46:44', 1, '2024-05-20 17:46:44', '2024-05-20 17:46:44'),
(307, 27.38, '2024-05-21 00:46:55', 1, '2024-05-20 17:46:55', '2024-05-20 17:46:55'),
(308, 27.38, '2024-05-21 00:47:09', 1, '2024-05-20 17:47:09', '2024-05-20 17:47:09'),
(309, 27.31, '2024-05-21 00:49:57', 1, '2024-05-20 17:49:57', '2024-05-20 17:49:57'),
(310, 27.31, '2024-05-21 00:50:05', 1, '2024-05-20 17:50:05', '2024-05-20 17:50:05'),
(311, 27.31, '2024-05-21 00:50:12', 1, '2024-05-20 17:50:12', '2024-05-20 17:50:12'),
(312, 27.38, '2024-05-21 00:51:44', 1, '2024-05-20 17:51:44', '2024-05-20 17:51:44'),
(313, 27.31, '2024-05-21 00:51:52', 1, '2024-05-20 17:51:52', '2024-05-20 17:51:52'),
(314, 27.31, '2024-05-21 00:52:00', 1, '2024-05-20 17:52:00', '2024-05-20 17:52:00'),
(315, 27.31, '2024-05-21 00:52:09', 1, '2024-05-20 17:52:09', '2024-05-20 17:52:09'),
(316, 27.38, '2024-05-21 00:52:17', 1, '2024-05-20 17:52:17', '2024-05-20 17:52:17'),
(317, 27.31, '2024-05-21 00:52:26', 1, '2024-05-20 17:52:26', '2024-05-20 17:52:26'),
(318, 27.31, '2024-05-21 00:52:33', 1, '2024-05-20 17:52:33', '2024-05-20 17:52:33'),
(319, 27.25, '2024-05-21 00:52:57', 1, '2024-05-20 17:52:57', '2024-05-20 17:52:57'),
(320, 27.31, '2024-05-21 00:53:04', 1, '2024-05-20 17:53:04', '2024-05-20 17:53:04'),
(321, 27.38, '2024-05-21 01:03:47', 1, '2024-05-20 18:03:47', '2024-05-20 18:03:47'),
(322, 27.38, '2024-05-21 01:03:54', 1, '2024-05-20 18:03:54', '2024-05-20 18:03:54'),
(323, 27.44, '2024-05-21 01:04:02', 1, '2024-05-20 18:04:02', '2024-05-20 18:04:02'),
(324, 27.44, '2024-05-21 01:04:10', 1, '2024-05-20 18:04:10', '2024-05-20 18:04:10'),
(325, 27.44, '2024-05-21 01:04:35', 1, '2024-05-20 18:04:35', '2024-05-20 18:04:35'),
(326, 27.44, '2024-05-21 01:05:07', 1, '2024-05-20 18:05:07', '2024-05-20 18:05:07'),
(327, 27.44, '2024-05-21 01:05:15', 1, '2024-05-20 18:05:15', '2024-05-20 18:05:15'),
(328, 27.44, '2024-05-21 01:06:34', 1, '2024-05-20 18:06:34', '2024-05-20 18:06:34'),
(329, 27.44, '2024-05-21 01:06:43', 1, '2024-05-20 18:06:43', '2024-05-20 18:06:43'),
(330, 27.44, '2024-05-21 01:06:51', 1, '2024-05-20 18:06:51', '2024-05-20 18:06:51'),
(331, 27.44, '2024-05-21 01:07:16', 1, '2024-05-20 18:07:16', '2024-05-20 18:07:16'),
(332, 27.44, '2024-05-21 01:07:24', 1, '2024-05-20 18:07:24', '2024-05-20 18:07:24'),
(333, 27.50, '2024-05-21 01:07:56', 1, '2024-05-20 18:07:56', '2024-05-20 18:07:56'),
(334, 27.50, '2024-05-21 01:08:03', 1, '2024-05-20 18:08:03', '2024-05-20 18:08:03'),
(335, 27.44, '2024-05-21 01:10:10', 2, '2024-05-20 18:10:10', '2024-05-20 18:10:10'),
(336, 27.44, '2024-05-21 01:10:18', 2, '2024-05-20 18:10:18', '2024-05-20 18:10:18'),
(337, 27.44, '2024-05-21 01:10:25', 2, '2024-05-20 18:10:25', '2024-05-20 18:10:25'),
(338, 27.44, '2024-05-21 01:10:33', 1, '2024-05-20 18:10:33', '2024-05-20 18:10:33'),
(339, 27.44, '2024-05-21 01:10:42', 2, '2024-05-20 18:10:42', '2024-05-20 18:10:42'),
(340, 27.12, '2024-05-21 02:08:54', 2, '2024-05-20 19:08:54', '2024-05-20 19:08:54'),
(341, 27.12, '2024-05-21 02:09:00', 1, '2024-05-20 19:09:00', '2024-05-20 19:09:00'),
(342, 27.12, '2024-05-21 02:09:07', 1, '2024-05-20 19:09:07', '2024-05-20 19:09:07'),
(343, 27.12, '2024-05-21 02:09:14', 2, '2024-05-20 19:09:14', '2024-05-20 19:09:14'),
(344, 27.06, '2024-05-21 02:09:21', 2, '2024-05-20 19:09:21', '2024-05-20 19:09:21'),
(345, 27.00, '2024-05-21 02:09:28', 2, '2024-05-20 19:09:28', '2024-05-20 19:09:28'),
(346, 27.06, '2024-05-21 02:09:35', 1, '2024-05-20 19:09:35', '2024-05-20 19:09:35'),
(347, 27.19, '2024-05-21 02:09:42', 2, '2024-05-20 19:09:42', '2024-05-20 19:09:42'),
(348, 27.38, '2024-05-21 02:09:49', 2, '2024-05-20 19:09:49', '2024-05-20 19:09:49'),
(349, 27.56, '2024-05-21 02:09:55', 2, '2024-05-20 19:09:55', '2024-05-20 19:09:55'),
(350, 27.75, '2024-05-21 02:10:02', 2, '2024-05-20 19:10:02', '2024-05-20 19:10:02'),
(351, 27.88, '2024-05-21 02:10:08', 2, '2024-05-20 19:10:08', '2024-05-20 19:10:08'),
(352, 27.81, '2024-05-21 02:10:15', 2, '2024-05-20 19:10:15', '2024-05-20 19:10:15'),
(353, 27.75, '2024-05-21 02:10:22', 2, '2024-05-20 19:10:22', '2024-05-20 19:10:22'),
(354, 27.62, '2024-05-21 02:10:33', 2, '2024-05-20 19:10:33', '2024-05-20 19:10:33'),
(355, 27.56, '2024-05-21 02:10:39', 2, '2024-05-20 19:10:39', '2024-05-20 19:10:39'),
(356, 27.50, '2024-05-21 02:10:46', 2, '2024-05-20 19:10:46', '2024-05-20 19:10:46'),
(357, 27.38, '2024-05-21 02:10:52', 2, '2024-05-20 19:10:52', '2024-05-20 19:10:52'),
(358, 27.19, '2024-05-21 02:11:00', 2, '2024-05-20 19:11:00', '2024-05-20 19:11:00'),
(359, 27.06, '2024-05-21 02:11:06', 2, '2024-05-20 19:11:06', '2024-05-20 19:11:06'),
(360, 27.06, '2024-05-21 02:11:12', 2, '2024-05-20 19:11:12', '2024-05-20 19:11:12'),
(361, 27.19, '2024-05-21 02:11:19', 2, '2024-05-20 19:11:19', '2024-05-20 19:11:19'),
(362, 27.25, '2024-05-21 02:11:25', 2, '2024-05-20 19:11:25', '2024-05-20 19:11:25'),
(363, 28.56, '2024-05-23 01:31:54', 1, '2024-05-22 18:31:54', '2024-05-22 18:31:54'),
(364, 28.56, '2024-05-23 01:32:04', 1, '2024-05-22 18:32:04', '2024-05-22 18:32:04'),
(365, 28.56, '2024-05-23 01:32:16', 1, '2024-05-22 18:32:16', '2024-05-22 18:32:16'),
(366, 28.56, '2024-05-23 01:32:38', 1, '2024-05-22 18:32:38', '2024-05-22 18:32:38'),
(367, 28.56, '2024-05-23 01:32:45', 1, '2024-05-22 18:32:45', '2024-05-22 18:32:45'),
(368, 28.56, '2024-05-23 01:33:32', 1, '2024-05-22 18:33:32', '2024-05-22 18:33:32'),
(369, 28.50, '2024-05-23 01:33:39', 1, '2024-05-22 18:33:39', '2024-05-22 18:33:39'),
(370, 28.56, '2024-05-23 01:33:46', 1, '2024-05-22 18:33:46', '2024-05-22 18:33:46'),
(371, 28.56, '2024-05-23 01:33:53', 1, '2024-05-22 18:33:53', '2024-05-22 18:33:53'),
(372, 28.56, '2024-05-23 01:33:59', 1, '2024-05-22 18:33:59', '2024-05-22 18:33:59'),
(373, 28.56, '2024-05-23 01:34:06', 1, '2024-05-22 18:34:06', '2024-05-22 18:34:06'),
(374, 28.56, '2024-05-23 01:34:13', 1, '2024-05-22 18:34:13', '2024-05-22 18:34:13'),
(375, 28.56, '2024-05-23 01:34:20', 1, '2024-05-22 18:34:20', '2024-05-22 18:34:20'),
(376, 28.56, '2024-05-23 01:34:27', 1, '2024-05-22 18:34:27', '2024-05-22 18:34:27'),
(377, 28.56, '2024-05-23 01:34:34', 1, '2024-05-22 18:34:34', '2024-05-22 18:34:34'),
(378, 28.56, '2024-05-23 01:34:41', 1, '2024-05-22 18:34:41', '2024-05-22 18:34:41'),
(379, 28.56, '2024-05-23 01:34:47', 1, '2024-05-22 18:34:47', '2024-05-22 18:34:47'),
(380, 28.56, '2024-05-23 01:34:54', 1, '2024-05-22 18:34:54', '2024-05-22 18:34:54'),
(381, 28.56, '2024-05-23 01:35:00', 1, '2024-05-22 18:35:00', '2024-05-22 18:35:00'),
(382, 28.56, '2024-05-23 01:35:05', 1, '2024-05-22 18:35:05', '2024-05-22 18:35:05'),
(383, 28.62, '2024-05-23 01:35:11', 1, '2024-05-22 18:35:11', '2024-05-22 18:35:11'),
(384, 28.56, '2024-05-23 01:35:17', 1, '2024-05-22 18:35:17', '2024-05-22 18:35:17'),
(385, 28.56, '2024-05-23 01:35:23', 1, '2024-05-22 18:35:23', '2024-05-22 18:35:23'),
(386, 28.62, '2024-05-23 01:35:30', 1, '2024-05-22 18:35:30', '2024-05-22 18:35:30'),
(387, 28.56, '2024-05-23 01:35:35', 1, '2024-05-22 18:35:35', '2024-05-22 18:35:35'),
(388, 28.62, '2024-05-23 01:35:42', 1, '2024-05-22 18:35:42', '2024-05-22 18:35:42'),
(389, 28.62, '2024-05-23 01:35:48', 1, '2024-05-22 18:35:48', '2024-05-22 18:35:48'),
(390, 28.62, '2024-05-23 01:35:54', 1, '2024-05-22 18:35:54', '2024-05-22 18:35:54'),
(391, 28.62, '2024-05-23 01:36:00', 1, '2024-05-22 18:36:00', '2024-05-22 18:36:00'),
(392, 28.62, '2024-05-23 01:36:06', 1, '2024-05-22 18:36:06', '2024-05-22 18:36:06'),
(393, 28.62, '2024-05-23 01:36:12', 1, '2024-05-22 18:36:12', '2024-05-22 18:36:12'),
(394, 28.62, '2024-05-23 01:36:17', 1, '2024-05-22 18:36:17', '2024-05-22 18:36:17'),
(395, 28.62, '2024-05-23 01:36:23', 1, '2024-05-22 18:36:23', '2024-05-22 18:36:23'),
(396, 28.62, '2024-05-23 01:36:29', 1, '2024-05-22 18:36:29', '2024-05-22 18:36:29'),
(397, 28.62, '2024-05-23 01:36:35', 1, '2024-05-22 18:36:35', '2024-05-22 18:36:35'),
(398, 28.62, '2024-05-23 01:36:41', 1, '2024-05-22 18:36:41', '2024-05-22 18:36:41'),
(399, 28.62, '2024-05-23 01:36:49', 1, '2024-05-22 18:36:49', '2024-05-22 18:36:49'),
(400, 28.62, '2024-05-23 01:36:58', 1, '2024-05-22 18:36:58', '2024-05-22 18:36:58'),
(401, 28.56, '2024-05-23 01:37:04', 1, '2024-05-22 18:37:04', '2024-05-22 18:37:04'),
(402, 28.62, '2024-05-23 01:37:09', 1, '2024-05-22 18:37:09', '2024-05-22 18:37:09'),
(403, 28.56, '2024-05-23 01:37:16', 1, '2024-05-22 18:37:16', '2024-05-22 18:37:16'),
(404, 28.62, '2024-05-23 01:37:22', 1, '2024-05-22 18:37:22', '2024-05-22 18:37:22'),
(405, 28.62, '2024-05-23 01:37:27', 1, '2024-05-22 18:37:27', '2024-05-22 18:37:27'),
(406, 28.62, '2024-05-23 01:37:33', 1, '2024-05-22 18:37:33', '2024-05-22 18:37:33'),
(407, 28.56, '2024-05-23 01:37:39', 1, '2024-05-22 18:37:39', '2024-05-22 18:37:39'),
(408, 28.56, '2024-05-23 01:37:45', 1, '2024-05-22 18:37:45', '2024-05-22 18:37:45'),
(409, 28.62, '2024-05-23 01:37:51', 1, '2024-05-22 18:37:51', '2024-05-22 18:37:51'),
(410, 28.56, '2024-05-23 01:37:56', 1, '2024-05-22 18:37:56', '2024-05-22 18:37:56'),
(411, 28.56, '2024-05-23 01:38:02', 1, '2024-05-22 18:38:02', '2024-05-22 18:38:02'),
(412, 28.62, '2024-05-23 01:38:08', 1, '2024-05-22 18:38:08', '2024-05-22 18:38:08'),
(413, 28.62, '2024-05-23 01:38:14', 1, '2024-05-22 18:38:14', '2024-05-22 18:38:14'),
(414, 28.56, '2024-05-23 01:38:20', 1, '2024-05-22 18:38:20', '2024-05-22 18:38:20'),
(415, 28.62, '2024-05-23 01:38:25', 1, '2024-05-22 18:38:25', '2024-05-22 18:38:25'),
(416, 28.56, '2024-05-23 01:38:31', 1, '2024-05-22 18:38:31', '2024-05-22 18:38:31'),
(417, 28.62, '2024-05-23 01:38:37', 1, '2024-05-22 18:38:37', '2024-05-22 18:38:37'),
(418, 28.62, '2024-05-23 01:38:43', 1, '2024-05-22 18:38:43', '2024-05-22 18:38:43'),
(419, 28.62, '2024-05-23 01:38:52', 1, '2024-05-22 18:38:52', '2024-05-22 18:38:52'),
(420, 28.62, '2024-05-23 01:39:00', 1, '2024-05-22 18:39:00', '2024-05-22 18:39:00'),
(421, 28.62, '2024-05-23 01:39:06', 1, '2024-05-22 18:39:06', '2024-05-22 18:39:06'),
(422, 28.62, '2024-05-23 01:39:12', 1, '2024-05-22 18:39:12', '2024-05-22 18:39:12'),
(423, 28.62, '2024-05-23 01:39:18', 1, '2024-05-22 18:39:18', '2024-05-22 18:39:18'),
(424, 28.62, '2024-05-23 01:39:24', 1, '2024-05-22 18:39:24', '2024-05-22 18:39:24'),
(425, 28.62, '2024-05-23 01:39:30', 1, '2024-05-22 18:39:30', '2024-05-22 18:39:30');

-- --------------------------------------------------------

--
-- Struktur dari tabel `personal_access_tokens`
--

CREATE TABLE `personal_access_tokens` (
  `id` bigint(20) UNSIGNED NOT NULL,
  `tokenable_type` varchar(255) COLLATE utf8mb4_unicode_ci NOT NULL,
  `tokenable_id` bigint(20) UNSIGNED NOT NULL,
  `name` varchar(255) COLLATE utf8mb4_unicode_ci NOT NULL,
  `token` varchar(64) COLLATE utf8mb4_unicode_ci NOT NULL,
  `abilities` text COLLATE utf8mb4_unicode_ci DEFAULT NULL,
  `last_used_at` timestamp NULL DEFAULT NULL,
  `expires_at` timestamp NULL DEFAULT NULL,
  `created_at` timestamp NULL DEFAULT NULL,
  `updated_at` timestamp NULL DEFAULT NULL
) ENGINE=InnoDB DEFAULT CHARSET=utf8mb4 COLLATE=utf8mb4_unicode_ci;

-- --------------------------------------------------------

--
-- Struktur dari tabel `set_id_ikans`
--

CREATE TABLE `set_id_ikans` (
  `id` bigint(20) UNSIGNED DEFAULT NULL,
  `created_at` timestamp NULL DEFAULT NULL
) ENGINE=InnoDB DEFAULT CHARSET=utf8mb4;

--
-- Dumping data untuk tabel `set_id_ikans`
--

INSERT INTO `set_id_ikans` (`id`, `created_at`) VALUES
(1, '2024-05-20 17:08:15'),
(2, '2024-05-20 17:08:15'),
(1, '2024-05-20 17:08:15'),
(2, '2024-05-20 17:08:15'),
(2, '2024-05-20 17:09:06'),
(1, '2024-05-20 17:14:27'),
(1, '2024-05-20 17:15:54'),
(1, '2024-05-20 17:15:56'),
(1, '2024-05-20 17:15:56'),
(1, '2024-05-20 17:15:56'),
(1, '2024-05-20 17:15:57'),
(1, '2024-05-20 17:15:57'),
(1, '2024-05-20 17:16:04'),
(1, '2024-05-20 17:17:17'),
(1, '2024-05-20 17:17:26'),
(1, '2024-05-20 17:17:26'),
(1, '2024-05-20 17:17:26'),
(1, '2024-05-20 17:17:32'),
(1, '2024-05-20 17:17:36'),
(1, NULL),
(2, NULL),
(2, NULL),
(2, NULL),
(2, '2024-05-20 18:09:15'),
(1, '2024-05-20 18:10:26'),
(2, '2024-05-20 18:10:40'),
(1, '2024-05-20 19:04:37'),
(2, '2024-05-20 19:04:59'),
(1, '2024-05-20 19:05:06'),
(1, '2024-05-20 19:05:37'),
(1, '2024-05-20 19:05:50'),
(1, '2024-05-20 19:06:56'),
(1, '2024-05-20 19:07:14'),
(2, '2024-05-20 19:07:21'),
(1, '2024-05-20 19:08:58'),
(2, '2024-05-20 19:09:09'),
(1, '2024-05-20 19:09:30'),
(2, '2024-05-20 19:09:38'),
(1, '2024-05-22 17:38:00'),
(2, '2024-05-22 17:39:28'),
(1, '2024-05-22 17:39:35'),
(2, '2024-05-22 17:40:43'),
(1, '2024-05-22 17:41:32'),
(1, '2024-05-22 17:41:33'),
(1, '2024-05-22 17:41:34'),
(1, '2024-05-22 17:41:34'),
(1, '2024-05-22 18:33:58'),
(1, '2024-05-22 18:34:00'),
(1, '2024-05-22 18:34:18'),
(1, '2024-05-22 18:34:43'),
(1, '2024-05-22 18:36:00');

-- --------------------------------------------------------

--
-- Struktur dari tabel `users`
--

CREATE TABLE `users` (
  `id` bigint(20) UNSIGNED NOT NULL,
  `name` varchar(255) COLLATE utf8mb4_unicode_ci NOT NULL,
  `username` varchar(255) COLLATE utf8mb4_unicode_ci NOT NULL,
  `email_Owner` varchar(255) COLLATE utf8mb4_unicode_ci NOT NULL,
  `email_verified_at` timestamp NULL DEFAULT NULL,
  `password` varchar(255) COLLATE utf8mb4_unicode_ci NOT NULL,
  `remember_token` varchar(100) COLLATE utf8mb4_unicode_ci DEFAULT NULL,
  `created_at` timestamp NULL DEFAULT NULL,
  `updated_at` timestamp NULL DEFAULT NULL,
  `backup_password` varchar(255) COLLATE utf8mb4_unicode_ci DEFAULT NULL
) ENGINE=InnoDB DEFAULT CHARSET=utf8mb4 COLLATE=utf8mb4_unicode_ci;

--
-- Dumping data untuk tabel `users`
--

INSERT INTO `users` (`id`, `name`, `username`, `email_Owner`, `email_verified_at`, `password`, `remember_token`, `created_at`, `updated_at`, `backup_password`) VALUES
(1, 'Masdar', 'masdarrr', 'masdar@gmail.com', NULL, '$2y$10$y1uGDKozJZ2QVEUpO73kie.bilrvDjpBOTvjVqAGYmN/2l0/SiCUu', NULL, '2024-04-15 17:45:09', '2024-05-24 04:13:45', 'masdar123'),
(2, 'Ilham', 'ilham123', 'ilham@gmail.com', NULL, '$2y$10$rasOOK.pOswNAzZsM5HmjuGiMjFdrvvw6B62KYQdwiagJZ1aF81Ti', NULL, '2024-04-15 17:45:09', '2024-04-17 04:20:02', 'ilham1234');

--
-- Indexes for dumped tables
--

--
-- Indeks untuk tabel `batas_optimal_p_h_s`
--
ALTER TABLE `batas_optimal_p_h_s`
  ADD PRIMARY KEY (`id`),
  ADD KEY `batas_optimal_p_h_s_jenis_ikan_id_foreign` (`Jenis_ikan_ID`);

--
-- Indeks untuk tabel `batas_optimal_suhus`
--
ALTER TABLE `batas_optimal_suhus`
  ADD PRIMARY KEY (`id`),
  ADD KEY `batas_optimal_suhus_jenis_ikan_id_foreign` (`Jenis_ikan_ID`);

--
-- Indeks untuk tabel `failed_jobs`
--
ALTER TABLE `failed_jobs`
  ADD PRIMARY KEY (`id`),
  ADD UNIQUE KEY `failed_jobs_uuid_unique` (`uuid`);

--
-- Indeks untuk tabel `jenis_ikans`
--
ALTER TABLE `jenis_ikans`
  ADD PRIMARY KEY (`id`);

--
-- Indeks untuk tabel `migrations`
--
ALTER TABLE `migrations`
  ADD PRIMARY KEY (`id`);

--
-- Indeks untuk tabel `password_reset_tokens`
--
ALTER TABLE `password_reset_tokens`
  ADD PRIMARY KEY (`email`);

--
-- Indeks untuk tabel `pencatatan_p_h_s`
--
ALTER TABLE `pencatatan_p_h_s`
  ADD PRIMARY KEY (`id`),
  ADD KEY `pencatatan_p_h_s_batas_optimal_ph_id_foreign` (`Batas_optimal_pH_ID`);

--
-- Indeks untuk tabel `pencatatan_suhus`
--
ALTER TABLE `pencatatan_suhus`
  ADD PRIMARY KEY (`id`),
  ADD KEY `pencatatan_suhus_batas_optimal_suhu_id_foreign` (`Batas_optimal_suhu_ID`);

--
-- Indeks untuk tabel `personal_access_tokens`
--
ALTER TABLE `personal_access_tokens`
  ADD PRIMARY KEY (`id`),
  ADD UNIQUE KEY `personal_access_tokens_token_unique` (`token`),
  ADD KEY `personal_access_tokens_tokenable_type_tokenable_id_index` (`tokenable_type`,`tokenable_id`);

--
-- Indeks untuk tabel `users`
--
ALTER TABLE `users`
  ADD PRIMARY KEY (`id`),
  ADD UNIQUE KEY `users_username_unique` (`username`),
  ADD UNIQUE KEY `users_email_owner_unique` (`email_Owner`);

--
-- AUTO_INCREMENT untuk tabel yang dibuang
--

--
-- AUTO_INCREMENT untuk tabel `batas_optimal_p_h_s`
--
ALTER TABLE `batas_optimal_p_h_s`
  MODIFY `id` bigint(20) UNSIGNED NOT NULL AUTO_INCREMENT, AUTO_INCREMENT=4;

--
-- AUTO_INCREMENT untuk tabel `batas_optimal_suhus`
--
ALTER TABLE `batas_optimal_suhus`
  MODIFY `id` bigint(20) UNSIGNED NOT NULL AUTO_INCREMENT, AUTO_INCREMENT=3;

--
-- AUTO_INCREMENT untuk tabel `failed_jobs`
--
ALTER TABLE `failed_jobs`
  MODIFY `id` bigint(20) UNSIGNED NOT NULL AUTO_INCREMENT;

--
-- AUTO_INCREMENT untuk tabel `jenis_ikans`
--
ALTER TABLE `jenis_ikans`
  MODIFY `id` bigint(20) UNSIGNED NOT NULL AUTO_INCREMENT, AUTO_INCREMENT=3;

--
-- AUTO_INCREMENT untuk tabel `migrations`
--
ALTER TABLE `migrations`
  MODIFY `id` int(10) UNSIGNED NOT NULL AUTO_INCREMENT, AUTO_INCREMENT=13;

--
-- AUTO_INCREMENT untuk tabel `pencatatan_p_h_s`
--
ALTER TABLE `pencatatan_p_h_s`
  MODIFY `id` bigint(20) UNSIGNED NOT NULL AUTO_INCREMENT, AUTO_INCREMENT=473;

--
-- AUTO_INCREMENT untuk tabel `pencatatan_suhus`
--
ALTER TABLE `pencatatan_suhus`
  MODIFY `id` bigint(20) UNSIGNED NOT NULL AUTO_INCREMENT, AUTO_INCREMENT=426;

--
-- AUTO_INCREMENT untuk tabel `personal_access_tokens`
--
ALTER TABLE `personal_access_tokens`
  MODIFY `id` bigint(20) UNSIGNED NOT NULL AUTO_INCREMENT;

--
-- AUTO_INCREMENT untuk tabel `users`
--
ALTER TABLE `users`
  MODIFY `id` bigint(20) UNSIGNED NOT NULL AUTO_INCREMENT, AUTO_INCREMENT=18;

--
-- Ketidakleluasaan untuk tabel pelimpahan (Dumped Tables)
--

--
-- Ketidakleluasaan untuk tabel `batas_optimal_p_h_s`
--
ALTER TABLE `batas_optimal_p_h_s`
  ADD CONSTRAINT `batas_optimal_p_h_s_jenis_ikan_id_foreign` FOREIGN KEY (`Jenis_ikan_ID`) REFERENCES `jenis_ikans` (`id`);

--
-- Ketidakleluasaan untuk tabel `batas_optimal_suhus`
--
ALTER TABLE `batas_optimal_suhus`
  ADD CONSTRAINT `batas_optimal_suhus_jenis_ikan_id_foreign` FOREIGN KEY (`Jenis_ikan_ID`) REFERENCES `jenis_ikans` (`id`);

--
-- Ketidakleluasaan untuk tabel `pencatatan_p_h_s`
--
ALTER TABLE `pencatatan_p_h_s`
  ADD CONSTRAINT `pencatatan_p_h_s_batas_optimal_ph_id_foreign` FOREIGN KEY (`Batas_optimal_pH_ID`) REFERENCES `batas_optimal_p_h_s` (`id`);

--
-- Ketidakleluasaan untuk tabel `pencatatan_suhus`
--
ALTER TABLE `pencatatan_suhus`
  ADD CONSTRAINT `pencatatan_suhus_batas_optimal_suhu_id_foreign` FOREIGN KEY (`Batas_optimal_suhu_ID`) REFERENCES `batas_optimal_suhus` (`id`);
COMMIT;

/*!40101 SET CHARACTER_SET_CLIENT=@OLD_CHARACTER_SET_CLIENT */;
/*!40101 SET CHARACTER_SET_RESULTS=@OLD_CHARACTER_SET_RESULTS */;
/*!40101 SET COLLATION_CONNECTION=@OLD_COLLATION_CONNECTION */;
